Handle,Title,Body (HTML),Vendor,Product Category,Type,Tags,Published,Option1 Name,Option1 Value,Option1 Linked To,Option2 Name,Option2 Value,Option2 Linked To,Option3 Name,Option3 Value,Option3 Linked To,Variant SKU,Variant Grams,Variant Inventory Tracker,Variant Inventory Policy,Variant Fulfillment Service,Variant Price,Variant Compare At Price,Variant Requires Shipping,Variant Taxable,Variant Barcode,Image Src,Image Position,Image Alt Text,Gift Card,SEO Title,SEO Description,Google Shopping / Google Product Category,Google Shopping / Gender,Google Shopping / Age Group,Google Shopping / MPN,Google Shopping / Condition,Google Shopping / Custom Product,Google Shopping / Custom Label 0,Google Shopping / Custom Label 1,Google Shopping / Custom Label 2,Google Shopping / Custom Label 3,Google Shopping / Custom Label 4,DISRESAL: estilo (product.metafields.custom.estilo),DISRESAL: gender (product.metafields.custom.gender),Cole Haan: patternId (product.metafields.custom.patternid),Cole Haan: prod_section_features_label (product.metafields.custom.prod_section_features_label),Cole Haan: prod_section_short_description (product.metafields.custom.prod_section_short_description),Cole Haan: relatedProducts (product.metafields.custom.relatedproducts),Cole Haan: size_chart (product.metafields.custom.size_chart),Cole Haan: styleId (product.metafields.custom.styleid),DISRESAL: U_Categoria (product.metafields.custom.u_categoria),DISRESAL: U_Descrip_Color (product.metafields.custom.u_descrip_color),DISRESAL: U_Genero (product.metafields.custom.u_genero),DISRESAL: U_NEW (product.metafields.custom.u_new),DISRESAL: U_Segmento (product.metafields.custom.u_segmento),DISRESAL: U_Zone (product.metafields.custom.u_zone),DISRESAL: variante_producto (product.metafields.global.variante_producto),DISRESAL: variates_color (product.metafields.global.variates_color),Google: Custom Product (product.metafields.mm-google-shopping.custom_product),Grupo de edad (product.metafields.shopify.age-group),Color (product.metafields.shopify.color-pattern),Material del calzado (product.metafields.shopify.footwear-material),Talla del calzado (product.metafields.shopify.shoe-size),Sexo objetivo (product.metafields.shopify.target-gender),Variant Image,Variant Weight Unit,Variant Tax Code,Cost per item,Included / El Salvador,Price / El Salvador,Compare At Price / El Salvador,Status
f12152,ZERØGRAND Dopp Kit,"<ul>
<li>Nylon travel toiletry bag.</li>
<li>Interior mesh pockets with zip closure.</li>
<li>Elastic webbing to secure small travel items.</li>
<li>Lockable zipperheads for security.</li>
<li>Exterior pocket.</li>
<li>Dimensions:​ 9.84”L x 2.76”W x 6.69”H</li>
<li>​Back stow-away hook.</li>
</ul>",Cole Haan El Salvador,,Dopp Kits,"ACCESSORIES, BLACK, WACC, ZEROGRAND",false,Color,Black,,Size,UNIT,,,,,'196414178869,0.0,shopify,deny,manual,0.00,,true,true,,https://cdn.shopify.com/s/files/1/0607/7975/7753/files/BaseTransform1_6eecdf23-2e9b-407b-902f-621c58e28f07.jpg?v=1726073820,1,F12152:BLACK:0000,false,,,,,,,,,,,,,,,,,,,,,,WACC,BLACK,WACC,,ACCESSORIES,ZEROGRAND,,,,,,,,,,kg,,,true,,,draft
f12152,,,,,,,,,,,,,,,,,,,,,,,,,,,https://cdn.shopify.com/s/files/1/0607/7975/7753/files/BaseTransform1_5bbbbcdd-fba9-431a-946f-cefd424332c4.jpg?v=1726073820,2,F12152:BLACK:0000,,,,,,,,,,,,,,,,,,,,,,,,,,,,,,,,,,,,,,,,,,,,
f12152,,,,,,,,,,,,,,,,,,,,,,,,,,,https://cdn.shopify.com/s/files/1/0607/7975/7753/files/BaseTransform1_254c2a1c-8291-4b30-b25f-3cbbe7803353.jpg?v=1726073820,3,F12152:BLACK:0000,,,,,,,,,,,,,,,,,,,,,,,,,,,,,,,,,,,,,,,,,,,,
f12152,,,,,,,,,,,,,,,,,,,,,,,,,,,https://cdn.shopify.com/s/files/1/0607/7975/7753/files/BaseTransform1_2847e9c5-044f-465e-9581-c5e34ad71885.jpg?v=1726073820,4,F12152:BLACK:0000,,,,,,,,,,,,,,,,,,,,,,,,,,,,,,,,,,,,,,,,,,,,
f12168,ZERØGRAND 48 Hour Backpack,"<ul>
<li>Opens fully, for effortless access to your gear.</li>
<li>Neoprene-lined pockets throughout securely house everything— from keys to shoes to electronics.</li>
<li>Pro packing: Zippered, mesh interior zones keep your clothes organized.</li>
<li>Pass-through sleeve lets you slip the bag onto your rolling luggage.</li>
<li>Interior laptop sleeve fits a 17” computer.</li>
<li>Durable nylon material with leather handles and rubberized hardware.</li>
<li>Magnetic buckles keep things secure, but within easy reach.</li>
<li>Need to check it? The shoulder straps stow away.</li>
<li>Measurements: 13” x 22” x 9.5”</li>
</ul>",Cole Haan El Salvador,,Backpacks,"ACCESSORIES, BLACK, WACC, ZEROGRAND",false,Color,Black,,Size,UNIT,,,,,'196414021349,0.0,shopify,deny,manual,0.00,,true,true,,https://cdn.shopify.com/s/files/1/0607/7975/7753/files/BaseTransform1_8c1599f2-82b0-4474-a0d8-5926fbf5d6cd.jpg?v=1726073828,1,F12168:BLACK:0000,false,,,,,,,,,,,,,,,,,,,,,,WACC,BLACK,WACC,,ACCESSORIES,ZEROGRAND,,,,,,,,,,kg,,,true,,,draft
f12168,,,,,,,,,,,,,,,,,,,,,,,,,,,https://cdn.shopify.com/s/files/1/0607/7975/7753/files/BaseTransform1_d8924042-00b2-4a30-acaf-6d953f6dce88.jpg?v=1726073828,2,F12168:BLACK:0000,,,,,,,,,,,,,,,,,,,,,,,,,,,,,,,,,,,,,,,,,,,,
f12168,,,,,,,,,,,,,,,,,,,,,,,,,,,https://cdn.shopify.com/s/files/1/0607/7975/7753/files/BaseTransform1_4db4fc3e-23fe-4de2-8360-0581c4d8c3e4.jpg?v=1726073828,3,F12168:BLACK:0000,,,,,,,,,,,,,,,,,,,,,,,,,,,,,,,,,,,,,,,,,,,,
f12168,,,,,,,,,,,,,,,,,,,,,,,,,,,https://cdn.shopify.com/s/files/1/0607/7975/7753/files/BaseTransform1_2b34ad59-b2c0-4dc0-98b9-f5bf82d7e781.jpg?v=1726073828,4,F12168:BLACK:0000,,,,,,,,,,,,,,,,,,,,,,,,,,,,,,,,,,,,,,,,,,,,
f12168,,,,,,,,,,,,,,,,,,,,,,,,,,,https://cdn.shopify.com/s/files/1/0607/7975/7753/files/BaseTransform1_91216863-f0cc-433f-95a1-820e07e21c44.jpg?v=1726073828,5,F12168:BLACK:0000,,,,,,,,,,,,,,,,,,,,,,,,,,,,,,,,,,,,,,,,,,,,
f12178,Triboro Nylon Backpack,"<ul>
<li>Backpack in polyester/twill fabric with recycled leather trim. </li>
<li>Zip top closure.</li>
<li>Interior padded pocket fits up to a 16"" laptop​</li>
<li>Exterior zip pocket for essentials.</li>
<li>Tech side pocket with key tether.</li>
<li>Padded mesh ergonomic straps.</li>
<li>16.3"" x 4.17"" x 12.52"".,</li>
</ul>",Cole Haan El Salvador,,Backpacks,"ACCESSORIES, NAVY BLAZER, NO APLICA, WACC",false,Color,Navy Blazer Blue,,Size,UNIT,,,,,'196414021332,0.0,shopify,deny,manual,0.00,,true,true,,https://cdn.shopify.com/s/files/1/0607/7975/7753/files/BaseTransform1_788ab3cb-b789-46ea-a885-90910bf909c8.jpg?v=1726073835,1,F12178:NAVY BLAZER:0000,false,,,,,,,,,,,,,,,,,,,,,,WACC,NAVY BLAZER,WACC,,ACCESSORIES,NO APLICA,,,,,,,,,,kg,,,true,,,draft
f12178,,,,,,,,,,,,,,,,,,,,,,,,,,,https://cdn.shopify.com/s/files/1/0607/7975/7753/files/BaseTransform1_c6e78991-d77c-4708-ae22-ba1af36a1bfb.jpg?v=1726073835,2,F12178:NAVY BLAZER:0000,,,,,,,,,,,,,,,,,,,,,,,,,,,,,,,,,,,,,,,,,,,,
f12178,,,,,,,,,,,,,,,,,,,,,,,,,,,https://cdn.shopify.com/s/files/1/0607/7975/7753/files/BaseTransform1_92956426-6e81-456e-99dd-5e177e750053.jpg?v=1726073835,3,F12178:NAVY BLAZER:0000,,,,,,,,,,,,,,,,,,,,,,,,,,,,,,,,,,,,,,,,,,,,
f12178,,,,,,,,,,,,,,,,,,,,,,,,,,,https://cdn.shopify.com/s/files/1/0607/7975/7753/files/BaseTransform1_0cb7ae40-2fc8-4445-9400-cdfa0f676f60.jpg?v=1726073835,4,F12178:NAVY BLAZER:0000,,,,,,,,,,,,,,,,,,,,,,,,,,,,,,,,,,,,,,,,,,,,
f12180,Triboro Nylon Backpack,"<ul>
<li>Backpack in polyester/twill fabric with recycled leather trim.</li>
<li>Zip top closure.</li>
<li>Interior padded pocket fits up to a 16"" laptop​</li>
<li>Exterior zip pocket for essentials.</li>
<li>Tech side pocket with key tether.</li>
<li>Padded mesh ergonomic straps.</li>
<li>16.3"" x 4.17"" x 12.52""</li>
</ul>",Cole Haan El Salvador,,Backpacks,"ACCESSORIES, BLACK, NO APLICA, WACC",false,Color,Black,,Size,UNIT,,,,,'196414021424,0.0,shopify,deny,manual,0.00,,true,true,,https://cdn.shopify.com/s/files/1/0607/7975/7753/files/BaseTransform1_0c1022f9-8a5f-4afd-bb4d-b36737fe3214.jpg?v=1726073843,1,F12180:BLACK:0000,false,,,,,,,,,,,,,,,,,,,,,,WACC,BLACK,WACC,,ACCESSORIES,NO APLICA,,,,,,,,,,kg,,,true,,,draft
f12180,,,,,,,,,,,,,,,,,,,,,,,,,,,https://cdn.shopify.com/s/files/1/0607/7975/7753/files/BaseTransform1_4d43f59c-7698-47ed-b5a2-8b7522ec38a1.jpg?v=1726073843,2,F12180:BLACK:0000,,,,,,,,,,,,,,,,,,,,,,,,,,,,,,,,,,,,,,,,,,,,
f12180,,,,,,,,,,,,,,,,,,,,,,,,,,,https://cdn.shopify.com/s/files/1/0607/7975/7753/files/BaseTransform1_b2e725b1-e399-4c1c-a0ea-48f5b4fd8135.jpg?v=1726073843,3,F12180:BLACK:0000,,,,,,,,,,,,,,,,,,,,,,,,,,,,,,,,,,,,,,,,,,,,
f12180,,,,,,,,,,,,,,,,,,,,,,,,,,,https://cdn.shopify.com/s/files/1/0607/7975/7753/files/BaseTransform1_418644ad-a90f-499a-b1ea-e0f54ab9ce9d.jpg?v=1726073843,4,F12180:BLACK:0000,,,,,,,,,,,,,,,,,,,,,,,,,,,,,,,,,,,,,,,,,,,,
f12368,Triboro Sling Bag,"<ul>
<li>Sling bag.</li>
<li>Interior padded pocket fits up to an 11"" tablet.</li>
<li>​Mesh back panel for comfort.</li>
<li>Zip entry to main compartment​.</li>
<li>Interior pockets for easy organization.</li>
<li>​Adjustable strap can be worn left or right.</li>
<li>8.5""L X 3.25""W X 12.25""</li>
<li>​Strap Drop– 22”</li>
</ul>",Cole Haan El Salvador,,Crossbodys,"ACCESSORIES, BLACK, NO APLICA, WACC",false,Color,Black,,Size,UNIT,,,,,'196414485523,0.0,shopify,deny,manual,0.00,,true,true,,https://cdn.shopify.com/s/files/1/0607/7975/7753/files/BaseTransform1_e07bdd97-f47b-44af-9c01-761ce2ca937a.jpg?v=1726073872,1,F12368:BLACK:0000,false,,,,,,,,,,,,,,,,,,,,,,WACC,BLACK,WACC,,ACCESSORIES,NO APLICA,,,,,,,,,,kg,,,true,,,draft
f12368,,,,,,,,,,,,,,,,,,,,,,,,,,,https://cdn.shopify.com/s/files/1/0607/7975/7753/files/BaseTransform1_7b5f22cf-a11a-4e79-a1f8-e7a08384d17c.jpg?v=1726073872,2,F12368:BLACK:0000,,,,,,,,,,,,,,,,,,,,,,,,,,,,,,,,,,,,,,,,,,,,
f12368,,,,,,,,,,,,,,,,,,,,,,,,,,,https://cdn.shopify.com/s/files/1/0607/7975/7753/files/BaseTransform1_584f02b7-ca05-4dd9-94ae-567fe993f4ef.jpg?v=1726073872,3,F12368:BLACK:0000,,,,,,,,,,,,,,,,,,,,,,,,,,,,,,,,,,,,,,,,,,,,
f12368,,,,,,,,,,,,,,,,,,,,,,,,,,,https://cdn.shopify.com/s/files/1/0607/7975/7753/files/BaseTransform1_2e3dd8a5-e512-455e-a806-df53b6afc77a.jpg?v=1726073872,4,F12368:BLACK:0000,,,,,,,,,,,,,,,,,,,,,,,,,,,,,,,,,,,,,,,,,,,,
f12370,Triboro Sling Bag,"<ul>
<li>Sling bag.</li>
<li>Interior padded pocket fits up to an 11"" tablet.</li>
<li>​Mesh back panel for comfort.</li>
<li>Zip entry to main compartment​.</li>
<li>Interior pockets for easy organization.</li>
<li>​Adjustable strap can be worn left or right. </li>
<li>8.5""L X 3.25""W X 12.25""</li>
<li>​Strap Drop– 22”</li>
</ul>",Cole Haan El Salvador,,Crossbodys,"ACCESSORIES, NAVY-NEW BRITISH TAN, NO APLICA, WACC",false,Color,Navy Blazer Blue-British Tan,,Size,UNIT,,,,,'196414485622,0.0,shopify,deny,manual,0.00,,true,true,,https://cdn.shopify.com/s/files/1/0607/7975/7753/files/BaseTransform1_732259f7-cfa5-47e2-ac12-0316b4e13222.jpg?v=1726073878,1,F12370:NAVY BLAZER / NEW BRITISH TAN:0000,false,,,,,,,,,,,,,,,,,,,,,,WACC,NAVY-NEW BRITISH TAN,WACC,,ACCESSORIES,NO APLICA,,,,,,,,,,kg,,,true,,,draft
f12370,,,,,,,,,,,,,,,,,,,,,,,,,,,https://cdn.shopify.com/s/files/1/0607/7975/7753/files/BaseTransform1_75dec17c-99b7-4e6c-a799-6c72ee4347cd.jpg?v=1726073878,2,F12370:NAVY BLAZER / NEW BRITISH TAN:0000,,,,,,,,,,,,,,,,,,,,,,,,,,,,,,,,,,,,,,,,,,,,
f12370,,,,,,,,,,,,,,,,,,,,,,,,,,,https://cdn.shopify.com/s/files/1/0607/7975/7753/files/BaseTransform1_320be27c-2bd5-46f6-8764-c5ab48e14c8e.jpg?v=1726073878,3,F12370:NAVY BLAZER / NEW BRITISH TAN:0000,,,,,,,,,,,,,,,,,,,,,,,,,,,,,,,,,,,,,,,,,,,,
f12370,,,,,,,,,,,,,,,,,,,,,,,,,,,https://cdn.shopify.com/s/files/1/0607/7975/7753/files/BaseTransform1_c7681d45-88a3-4d8e-a619-7d6d85e35873.jpg?v=1726073878,4,F12370:NAVY BLAZER / NEW BRITISH TAN:0000,,,,,,,,,,,,,,,,,,,,,,,,,,,,,,,,,,,,,,,,,,,,
f12373,Triboro Essential Crossbody Bag,"<ul>
<li>In Dark Chocolate; zip closure</li>
<li>4.75"" wide x 7.5"" high x 1.5"" deep</li>
<li>Adjustable strap with 30"" drop</li>
<li>Interior card slot</li>
</ul>",Cole Haan El Salvador,,Crossbodys,"ACCESSORIES, DARK CHOCOLATE, NO APLICA, WACC",false,Color,Dark Chocolate,,Size,UNIT,,,,,'196414485363,0.0,shopify,deny,manual,0.00,,true,true,,https://cdn.shopify.com/s/files/1/0607/7975/7753/files/BaseTransform1_005a9b21-b415-481c-adea-36db9d061cb5.jpg?v=1726073885,1,F12373:DARK CHOCOLATE:0000,false,,,,,,,,,,,,,,,,,,,,,,WACC,DARK CHOCOLATE,WACC,,ACCESSORIES,NO APLICA,,,,,,,,,,kg,,,true,,,draft
f12373,,,,,,,,,,,,,,,,,,,,,,,,,,,https://cdn.shopify.com/s/files/1/0607/7975/7753/files/BaseTransform1_122804f5-f017-406c-b42b-99cd074a1862.jpg?v=1726073885,2,F12373:DARK CHOCOLATE:0000,,,,,,,,,,,,,,,,,,,,,,,,,,,,,,,,,,,,,,,,,,,,
f12373,,,,,,,,,,,,,,,,,,,,,,,,,,,https://cdn.shopify.com/s/files/1/0607/7975/7753/files/BaseTransform1_3681aec6-f92e-41df-acf7-264e1fecc65c.jpg?v=1726073885,3,F12373:DARK CHOCOLATE:0000,,,,,,,,,,,,,,,,,,,,,,,,,,,,,,,,,,,,,,,,,,,,
f12373,,,,,,,,,,,,,,,,,,,,,,,,,,,https://cdn.shopify.com/s/files/1/0607/7975/7753/files/BaseTransform1_be59acc0-ac26-4ae5-b753-7b61e9c86d73.jpg?v=1726073885,4,F12373:DARK CHOCOLATE:0000,,,,,,,,,,,,,,,,,,,,,,,,,,,,,,,,,,,,,,,,,,,,
f12374,Triboro Essential Crossbody Bag,"<ul>
<li>In Black; zip closure</li>
<li>4.75"" wide x 7.5"" high x 1.5"" deep</li>
<li>Adjustable strap with 30"" drop</li>
<li>Interior card slot</li>
</ul>",Cole Haan El Salvador,,Crossbodys,"ACCESSORIES, BLACK, NO APLICA, WACC",false,Color,Black,,Size,UNIT,,,,,'196414485356,0.0,shopify,deny,manual,0.00,,true,true,,https://cdn.shopify.com/s/files/1/0607/7975/7753/files/BaseTransform1_926f8582-2b44-4537-a2a2-bbb93f89ad2e.jpg?v=1726073892,1,F12374:BLACK:0000,false,,,,,,,,,,,,,,,,,,,,,,WACC,BLACK,WACC,,ACCESSORIES,NO APLICA,,,,,,,,,,kg,,,true,,,draft
f12374,,,,,,,,,,,,,,,,,,,,,,,,,,,https://cdn.shopify.com/s/files/1/0607/7975/7753/files/BaseTransform1_535d145f-e2e5-4a0c-83cd-e79627e3f642.jpg?v=1726073892,2,F12374:BLACK:0000,,,,,,,,,,,,,,,,,,,,,,,,,,,,,,,,,,,,,,,,,,,,
f12374,,,,,,,,,,,,,,,,,,,,,,,,,,,https://cdn.shopify.com/s/files/1/0607/7975/7753/files/BaseTransform1_82c7db47-5efc-4c29-a6f9-6469e24d05cf.jpg?v=1726073892,3,F12374:BLACK:0000,,,,,,,,,,,,,,,,,,,,,,,,,,,,,,,,,,,,,,,,,,,,
f12374,,,,,,,,,,,,,,,,,,,,,,,,,,,https://cdn.shopify.com/s/files/1/0607/7975/7753/files/BaseTransform1_eb06e2d5-2f7b-4a0e-a197-2de373736bbe.jpg?v=1726073892,4,F12374:BLACK:0000,,,,,,,,,,,,,,,,,,,,,,,,,,,,,,,,,,,,,,,,,,,,
f12510,Street Style Baseball Cap,"<ul>
<li>Cotton back in Camel; polyester visor and front panel in Camel Stripe; adjustable</li>
<li>Leather logo patch on side</li>
<li>Spot clean only; mild detergent</li>
<li>Made in China</li>
</ul>",Cole Haan El Salvador,,Hats,"",false,Color,Camel Stripe,,Size,UNIT,,,,,'191459232576,0.0,shopify,deny,manual,0.00,,true,true,,https://cdn.shopify.com/s/files/1/0607/7975/7753/files/BaseTransform1_c84c1aed-cc9e-4f1b-acd0-9c06baf7be0e.jpg?v=1726073912,1,F12510:CAMEL STRIPE:101598.0,false,,,,,,,,,,,,,,,,,,,,,,,,0,,,,,,,,,,,,,kg,,,true,,,draft
f12510,,,,,,,,,,,,,,,,,,,,,,,,,,,https://cdn.shopify.com/s/files/1/0607/7975/7753/files/BaseTransform1_f38b1ea0-dfe7-491b-9f07-a1172132ef3f.jpg?v=1726073912,2,F12510:CAMEL STRIPE:101598.0,,,,,,,,,,,,,,,,,,,,,,,,,,,,,,,,,,,,,,,,,,,,
f12510,,,,,,,,,,,,,,,,,,,,,,,,,,,https://cdn.shopify.com/s/files/1/0607/7975/7753/files/BaseTransform1_f618e100-b207-4ca9-b693-1328a2ccf708.jpg?v=1726073912,3,F12510:CAMEL STRIPE:101598.0,,,,,,,,,,,,,,,,,,,,,,,,,,,,,,,,,,,,,,,,,,,,
f12510,,,,,,,,,,,,,,,,,,,,,,,,,,,https://cdn.shopify.com/s/files/1/0607/7975/7753/files/BaseTransform1_6168d202-fce8-45e5-b5b3-abc8e93a5f44.jpg?v=1726073912,4,F12510:CAMEL STRIPE:101598.0,,,,,,,,,,,,,,,,,,,,,,,,,,,,,,,,,,,,,,,,,,,,
f12512,Street Style Baseball Cap,"<ul>
<li>Cotton back and visor in Navy; polyester front panel in Navy; adjustable</li>
<li>Leather logo patch on side</li>
<li>Spot clean only; mild detergent</li>
<li>Made in China</li>
</ul>",Cole Haan El Salvador,,Hats,"",false,Color,Navy,,Size,UNIT,,,,,'191459232552,0.0,shopify,deny,manual,0.00,,true,true,,https://cdn.shopify.com/s/files/1/0607/7975/7753/files/BaseTransform1_73fccacf-4715-4c6e-a8a1-95bce27bc91d.jpg?v=1726073918,1,F12512:NAVY SOLID:101598.0,false,,,,,,,,,,,,,,,,,,,,,,,,0,,,,,,,,,,,,,kg,,,true,,,draft
f12512,,,,,,,,,,,,,,,,,,,,,,,,,,,https://cdn.shopify.com/s/files/1/0607/7975/7753/files/BaseTransform1_a4916e9c-8773-4b96-8ab7-f01136b80146.jpg?v=1726073918,2,F12512:NAVY SOLID:101598.0,,,,,,,,,,,,,,,,,,,,,,,,,,,,,,,,,,,,,,,,,,,,
f12512,,,,,,,,,,,,,,,,,,,,,,,,,,,https://cdn.shopify.com/s/files/1/0607/7975/7753/files/BaseTransform1_70676b6f-3f44-4a6b-80fa-cb2a9639c17f.jpg?v=1726073918,3,F12512:NAVY SOLID:101598.0,,,,,,,,,,,,,,,,,,,,,,,,,,,,,,,,,,,,,,,,,,,,
f12512,,,,,,,,,,,,,,,,,,,,,,,,,,,https://cdn.shopify.com/s/files/1/0607/7975/7753/files/BaseTransform1_9d29c92d-fe19-4ebe-83bf-4df8c0f5c7c3.jpg?v=1726073919,4,F12512:NAVY SOLID:101598.0,,,,,,,,,,,,,,,,,,,,,,,,,,,,,,,,,,,,,,,,,,,,
u04756,Small Everyday Tote Bag,"<ul>
<li>Pebbled leather.</li>
<li>11.3'' x 4.5'' x 8.8''.</li>
<li>21.5'' crossbody strap.</li>
<li>Can be worn multiple ways: as a tote bag or a crossbody.</li>
</ul>",Cole Haan El Salvador,,Totes,"ACCESSORIES, BLACK, NO APLICA, WACC",false,Color,Black,,Size,UNIT,,,,,'194736231071,0.0,shopify,deny,manual,0.00,,true,true,,https://cdn.shopify.com/s/files/1/0607/7975/7753/files/BaseTransform1_0874ba9b-73c0-4af7-88ca-bdaaefda6bf3.jpg?v=1726073936,1,U04756:BLACK:0000,false,,,,,,,,,,,,,,,,,,,,,,WACC,BLACK,WACC,,ACCESSORIES,NO APLICA,,,,,,,,,,kg,,,true,,,draft
u04756,,,,,,,,,,,,,,,,,,,,,,,,,,,https://cdn.shopify.com/s/files/1/0607/7975/7753/files/BaseTransform1_2e6e1668-3a0e-46bf-b345-a995b2142129.jpg?v=1726073936,2,U04756:BLACK:0000,,,,,,,,,,,,,,,,,,,,,,,,,,,,,,,,,,,,,,,,,,,,
u04756,,,,,,,,,,,,,,,,,,,,,,,,,,,https://cdn.shopify.com/s/files/1/0607/7975/7753/files/BaseTransform1_f337c29a-835c-4a2d-a4b6-12f72f00ba18.jpg?v=1726073936,3,U04756:BLACK:0000,,,,,,,,,,,,,,,,,,,,,,,,,,,,,,,,,,,,,,,,,,,,
u04756,,,,,,,,,,,,,,,,,,,,,,,,,,,https://cdn.shopify.com/s/files/1/0607/7975/7753/files/BaseTransform1_d707de47-263a-4983-bfeb-cb0f3b0eab41.jpg?v=1726073936,4,U04756:BLACK:0000,,,,,,,,,,,,,,,,,,,,,,,,,,,,,,,,,,,,,,,,,,,,
u04757,Small Everyday Tote Bag,"<ul>
<li>Pebbled leather.</li>
<li>11.3'' x 4.5'' x 8.8''.</li>
<li>21.5'' crossbody strap.</li>
<li>Can be worn multiple ways: as a tote bag or a crossbody.</li>
</ul>",Cole Haan El Salvador,,Totes,"ACCESSORIES, British Tan, NO APLICA, WACC",false,Color,British Tan,,Size,UNIT,,,,,'194736231088,0.0,shopify,deny,manual,0.00,,true,true,,https://cdn.shopify.com/s/files/1/0607/7975/7753/files/BaseTransform1_24692357-9306-448b-a7f4-140e1b9c3c5e.jpg?v=1726073942,1,U04757:BRITISH TAN:0000,false,,,,,,,,,,,,,,,,,,,,,,WACC,British Tan,WACC,,ACCESSORIES,NO APLICA,,,,,,,,,,kg,,,true,,,draft
u04757,,,,,,,,,,,,,,,,,,,,,,,,,,,https://cdn.shopify.com/s/files/1/0607/7975/7753/files/BaseTransform1_c58432cf-69d5-4717-a58a-9754bb5ef502.jpg?v=1726073942,2,U04757:BRITISH TAN:0000,,,,,,,,,,,,,,,,,,,,,,,,,,,,,,,,,,,,,,,,,,,,
u04757,,,,,,,,,,,,,,,,,,,,,,,,,,,https://cdn.shopify.com/s/files/1/0607/7975/7753/files/BaseTransform1_39b6d08d-bc71-4694-aa5c-d147539423c1.jpg?v=1726073942,3,U04757:BRITISH TAN:0000,,,,,,,,,,,,,,,,,,,,,,,,,,,,,,,,,,,,,,,,,,,,
u04757,,,,,,,,,,,,,,,,,,,,,,,,,,,https://cdn.shopify.com/s/files/1/0607/7975/7753/files/BaseTransform1_57ef21dc-8e8f-42c3-98bd-c4a3ccca5ed0.jpg?v=1726073942,4,U04757:BRITISH TAN:0000,,,,,,,,,,,,,,,,,,,,,,,,,,,,,,,,,,,,,,,,,,,,
u04891,Wallet on a Chain,"<ul>
<li>Pebbled leather.</li>
<li>7.5"" L x 1.2"" W x 3.85"" H.</li>
<li>21.5'' strap drop.</li>
</ul>",Cole Haan El Salvador,,Wallets,"ACCESSORIES, BLACK, NO APLICA, WACC",false,Color,Black,,Size,UNIT,,,,,'194736240547,0.0,shopify,deny,manual,0.00,,true,true,,https://cdn.shopify.com/s/files/1/0607/7975/7753/files/BaseTransform1_abd479b5-b710-47b6-98f3-7277d73d3a52.jpg?v=1726073948,1,U04891:BLACK:0000,false,,,,,,,,,,,,,,,,,,,,,,WACC,BLACK,WACC,,ACCESSORIES,NO APLICA,,,,,,,,,,kg,,,true,,,draft
u04891,,,,,,,,,,,,,,,,,,,,,,,,,,,https://cdn.shopify.com/s/files/1/0607/7975/7753/files/BaseTransform1_4d58c035-b86a-43c8-af75-ac76df2badf8.jpg?v=1726073948,2,U04891:BLACK:0000,,,,,,,,,,,,,,,,,,,,,,,,,,,,,,,,,,,,,,,,,,,,
u04891,,,,,,,,,,,,,,,,,,,,,,,,,,,https://cdn.shopify.com/s/files/1/0607/7975/7753/files/BaseTransform1_094b65a0-74a1-466f-83c9-35c38fb20ad4.jpg?v=1726073948,3,U04891:BLACK:0000,,,,,,,,,,,,,,,,,,,,,,,,,,,,,,,,,,,,,,,,,,,,
u04892,Wallet on a Chain,"<ul>
<li>Pebbled leather.</li>
<li>7.5"" L x 1.2"" W x 3.85"" H.</li>
<li>21.5'' strap drop.</li>
</ul>",Cole Haan El Salvador,,Wallets,"ACCESSORIES, British Tan, NO APLICA, WACC",false,Color,British Tan,,Size,UNIT,,,,,'194736239886,0.0,shopify,deny,manual,0.00,,true,true,,https://cdn.shopify.com/s/files/1/0607/7975/7753/files/BaseTransform1_e9f815b1-1c4d-47e6-bcea-a10a50443eaf.jpg?v=1726073954,1,U04892:BRITISH TAN:0000,false,,,,,,,,,,,,,,,,,,,,,,WACC,British Tan,WACC,,ACCESSORIES,NO APLICA,,,,,,,,,,kg,,,true,,,draft
u04892,,,,,,,,,,,,,,,,,,,,,,,,,,,https://cdn.shopify.com/s/files/1/0607/7975/7753/files/BaseTransform1_c4703494-2386-440d-856f-2770e90802b9.jpg?v=1726073954,2,U04892:BRITISH TAN:0000,,,,,,,,,,,,,,,,,,,,,,,,,,,,,,,,,,,,,,,,,,,,
u04892,,,,,,,,,,,,,,,,,,,,,,,,,,,https://cdn.shopify.com/s/files/1/0607/7975/7753/files/BaseTransform1_94f00ec8-3236-4b2f-95fd-f159c7997d35.jpg?v=1726073954,3,U04892:BRITISH TAN:0000,,,,,,,,,,,,,,,,,,,,,,,,,,,,,,,,,,,,,,,,,,,,
u05862,Radiant Nylon Drawstring Backpack,"<ul>
<li>Crafted in nylon with patent and leather details.</li>
<li>14"" L (top) / 12.5"" L (bottom) x 2.75"" W x 16 H.""</li>
<li>6” handle drop.</li>
<li>Secured drawstring closure with magnetic snap.</li>
<li>Exterior front and back pockets.</li>
<li>Multiple interior zip top pockets.</li>
<li>Includes branded key fob.</li>
</ul>",Cole Haan El Salvador,,Backpacks,"ACCESSORIES, Black-Safety Yellow, NO APLICA, WACC",false,Color,Black-Safety Yellow,,Size,UNIT,,,,,'194736425746,0.0,shopify,deny,manual,0.00,,true,true,,https://cdn.shopify.com/s/files/1/0607/7975/7753/files/1bbc18e7-8588-42ac-9fce-771ee567dad0.jpg?v=1726073963,1,feature1,false,,,,,,,,,,,,,,,,,,,,,,WACC,Black-Safety Yellow,WACC,,ACCESSORIES,NO APLICA,,,,,,,,,,kg,,,true,0.00,,draft
u06041,Quilted Logo Shoulder Bag,"<p>Featuring an adjustable and removable strap, our versatile Quilted Logo Shoulder Bag can be worn as a shoulder bag for hands-free convenience or carried by the handles. Soft quilted leather offers classic appeal, while the roomy interior handles all the essentials.</p>",Cole Haan El Salvador,,Hobos,"ACCESSORIES, Fuchsia, NO APLICA, WACC",false,Color,Fuchsia,,Size,UNIT,,,,,'194736712761,0.0,shopify,deny,manual,0.00,,true,true,,https://cdn.shopify.com/s/files/1/0607/7975/7753/files/BaseTransform1_6f99751e-c852-4ebe-a42c-194f63045bcd.jpg?v=1726073970,1,U06041:FUSCHIA:0000,false,,,,,,,,,,,,,,,,,,,,,,WACC,Fuchsia,WACC,,ACCESSORIES,NO APLICA,,,,,,,,,,kg,,,true,,,draft
u06041,,,,,,,,,,,,,,,,,,,,,,,,,,,https://cdn.shopify.com/s/files/1/0607/7975/7753/files/BaseTransform1_0e513ca2-fcc9-42c2-b1cd-06c40ce9d566.jpg?v=1726073970,2,U06041:FUSCHIA:0000,,,,,,,,,,,,,,,,,,,,,,,,,,,,,,,,,,,,,,,,,,,,
u06041,,,,,,,,,,,,,,,,,,,,,,,,,,,https://cdn.shopify.com/s/files/1/0607/7975/7753/files/BaseTransform1_c6a79b4c-2f4f-424a-9619-98dbefaefde1.jpg?v=1726073970,3,U06041:FUSCHIA:0000,,,,,,,,,,,,,,,,,,,,,,,,,,,,,,,,,,,,,,,,,,,,
u06041,,,,,,,,,,,,,,,,,,,,,,,,,,,https://cdn.shopify.com/s/files/1/0607/7975/7753/files/BaseTransform1_82050452-97ae-40da-9611-5021d1ff584b.jpg?v=1726073970,4,U06041:FUSCHIA:0000,,,,,,,,,,,,,,,,,,,,,,,,,,,,,,,,,,,,,,,,,,,,
u06062,Small Tri-Fold Wallet,"<ul>
<li>Pebbled leather.</li>
<li>5” × 1” × 4”.</li>
<li>Magnetic closure with logo detailing.</li>
<li>Gold-tone hardware.</li>
<li>6 card slots.</li>
<li>1 bill slot.</li>
<li>2 hidden slots.</li>
<li>1 zippered back pocket.</li>
</ul>",Cole Haan El Salvador,,Wallets,"ACCESSORIES, Fuchsia Colorblock, NO APLICA, WACC",false,Color,Fuchsia Colorblock,,Size,UNIT,,,,,'194736713041,0.0,shopify,deny,manual,0.00,,true,true,,https://cdn.shopify.com/s/files/1/0607/7975/7753/files/BaseTransform1_f3483060-0530-4687-a138-bd694a856698.jpg?v=1726073976,1,U06062:FUCHSIA COLORBLOCK:0000,false,,,,,,,,,,,,,,,,,,,,,,WACC,Fuchsia Colorblock,WACC,,ACCESSORIES,NO APLICA,,,,,,,,,,kg,,,true,,,draft
u06062,,,,,,,,,,,,,,,,,,,,,,,,,,,https://cdn.shopify.com/s/files/1/0607/7975/7753/files/BaseTransform1_03e5b5e5-77dd-49a6-b730-042445278ec4.jpg?v=1726073976,2,U06062:FUCHSIA COLORBLOCK:0000,,,,,,,,,,,,,,,,,,,,,,,,,,,,,,,,,,,,,,,,,,,,
u06062,,,,,,,,,,,,,,,,,,,,,,,,,,,https://cdn.shopify.com/s/files/1/0607/7975/7753/files/BaseTransform1_29484c3c-daf2-4b3c-b7b7-f5e1079e02f5.jpg?v=1726073976,3,U06062:FUCHSIA COLORBLOCK:0000,,,,,,,,,,,,,,,,,,,,,,,,,,,,,,,,,,,,,,,,,,,,
u06064,Small Tri-Fold Wallet,"<ul>
<li>Pebbled leather.</li>
<li>5” × 1” × 4”.</li>
<li>Magnetic closure with logo detailing.</li>
<li>Gold-tone hardware.</li>
<li>6 card slots.</li>
<li>1 bill slot.</li>
<li>2 hidden slots.</li>
<li>1 zippered back pocket.</li>
</ul>",Cole Haan El Salvador,,Wallets,"ACCESSORIES, Magnet Colorblock, NO APLICA, WACC",false,Color,Magnet Colorblock,,Size,UNIT,,,,,'194736713096,0.0,shopify,deny,manual,0.00,,true,true,,https://cdn.shopify.com/s/files/1/0607/7975/7753/files/BaseTransform1_2aad01e8-f558-4242-8aeb-7ba32be40655.jpg?v=1726073981,1,U06064:MAGNET COLORBLOCK:0000,false,,,,,,,,,,,,,,,,,,,,,,WACC,Magnet Colorblock,WACC,,ACCESSORIES,NO APLICA,,,,,,,,,,kg,,,true,,,draft
u06064,,,,,,,,,,,,,,,,,,,,,,,,,,,https://cdn.shopify.com/s/files/1/0607/7975/7753/files/BaseTransform1_245e09df-4aac-4876-b8bf-c92558c6f382.jpg?v=1726073981,2,U06064:MAGNET COLORBLOCK:0000,,,,,,,,,,,,,,,,,,,,,,,,,,,,,,,,,,,,,,,,,,,,
u06064,,,,,,,,,,,,,,,,,,,,,,,,,,,https://cdn.shopify.com/s/files/1/0607/7975/7753/files/BaseTransform1_b1a936f6-6d9e-45de-9c09-aefa7779840f.jpg?v=1726073981,3,U06064:MAGNET COLORBLOCK:0000,,,,,,,,,,,,,,,,,,,,,,,,,,,,,,,,,,,,,,,,,,,,
u06159,Neoprene Midsize Crossbody,"<ul>
<li>12.5"" X 2.5"" X 11.4"".</li>
<li>Recycled neoprene bonded with recycled microsuede.</li>
<li>Recycled polyester lining.</li>
<li>Adjustable and removable recycled neoprene webbed strap.</li>
<li>Platinum-tone hardware.</li>
<li>Zip closure.</li>
<li>Exterior pocket with snap closure.</li>
</ul>",Cole Haan El Salvador,,Crossbodys,"ACCESSORIES, BLACK, NO APLICA, WACC",false,Color,Black,,Size,UNIT,,,,,'194736854676,0.0,shopify,deny,manual,0.00,,true,true,,https://cdn.shopify.com/s/files/1/0607/7975/7753/files/BaseTransform1_e685ea53-ff87-46f7-85e5-59224a140a7b.jpg?v=1726074005,1,U06159:BLACK:0000,false,,,,,,,,,,,,,,,,,,,,,,WACC,BLACK,WACC,,ACCESSORIES,NO APLICA,,,,,,,,,,kg,,,true,,,draft
u06159,,,,,,,,,,,,,,,,,,,,,,,,,,,https://cdn.shopify.com/s/files/1/0607/7975/7753/files/BaseTransform1_0ccaf432-f77a-4fea-94e9-f5b65a0bca77.jpg?v=1726074005,2,U06159:BLACK:0000,,,,,,,,,,,,,,,,,,,,,,,,,,,,,,,,,,,,,,,,,,,,
u06159,,,,,,,,,,,,,,,,,,,,,,,,,,,https://cdn.shopify.com/s/files/1/0607/7975/7753/files/BaseTransform1_841b228d-41f2-45f1-b320-16ac178527b8.jpg?v=1726074005,3,U06159:BLACK:0000,,,,,,,,,,,,,,,,,,,,,,,,,,,,,,,,,,,,,,,,,,,,
u06159,,,,,,,,,,,,,,,,,,,,,,,,,,,https://cdn.shopify.com/s/files/1/0607/7975/7753/files/BaseTransform1_cf9e723c-cf98-4a57-b748-3ec7ab1bf4fe.jpg?v=1726074005,4,U06159:BLACK:0000,,,,,,,,,,,,,,,,,,,,,,,,,,,,,,,,,,,,,,,,,,,,
u06160,Neoprene Midsize Crossbody,"<ul>
<li>Neoprene and microsuede.</li>
<li>Platinum-tone hardware finish.</li>
<li>12.5"" X 2.5"" X 11.4"".</li>
</ul>",Cole Haan El Salvador,,Crossbodys,"ACCESSORIES, Moonlit Ocean, NO APLICA, WACC",false,Color,Moonlit Ocean,,Size,UNIT,,,,,'194736854690,0.0,shopify,deny,manual,0.00,,true,true,,https://cdn.shopify.com/s/files/1/0607/7975/7753/files/BaseTransform1_6f401903-66d9-4c1b-a341-b68915e50bdb.jpg?v=1726074014,1,U06160:MOONLIGHT OCEAN:0000,false,,,,,,,,,,,,,,,,,,,,,,WACC,Moonlit Ocean,WACC,,ACCESSORIES,NO APLICA,,,,,,,,,,kg,,,true,0.00,,draft
u06162,Neoprene Midsize Crossbody,"<ul>
<li>12.5"" X 2.5"" X 11.4"".</li>
<li>Recycled neoprene bonded with recycled microsuede.</li>
<li>Recycled polyester lining.</li>
<li>Adjustable and removable recycled neoprene webbed strap.</li>
<li>Platinum-tone hardware.</li>
<li>Zip closure.</li>
<li>Exterior pocket with snap closure.</li>
</ul>",Cole Haan El Salvador,,Crossbodys,"ACCESSORIES, NO APLICA, Rosette, WACC",false,Color,Rosette,,Size,UNIT,,,,,'194736854560,0.0,shopify,deny,manual,0.00,,true,true,,https://cdn.shopify.com/s/files/1/0607/7975/7753/files/BaseTransform1_b82be76d-4a02-454b-a83a-ef1808beeafe.jpg?v=1726074020,1,U06162:ROSETTE:0000,false,,,,,,,,,,,,,,,,,,,,,,WACC,Rosette,WACC,,ACCESSORIES,NO APLICA,,,,,,,,,,kg,,,true,,,draft
u06162,,,,,,,,,,,,,,,,,,,,,,,,,,,https://cdn.shopify.com/s/files/1/0607/7975/7753/files/BaseTransform1_1bec046c-0f22-44fc-9ba0-0f8a4729008a.jpg?v=1726074020,2,U06162:ROSETTE:0000,,,,,,,,,,,,,,,,,,,,,,,,,,,,,,,,,,,,,,,,,,,,
u06162,,,,,,,,,,,,,,,,,,,,,,,,,,,https://cdn.shopify.com/s/files/1/0607/7975/7753/files/BaseTransform1_ec8d784d-90a3-4180-bb40-7cc80b1bf62e.jpg?v=1726074020,3,U06162:ROSETTE:0000,,,,,,,,,,,,,,,,,,,,,,,,,,,,,,,,,,,,,,,,,,,,
u06162,,,,,,,,,,,,,,,,,,,,,,,,,,,https://cdn.shopify.com/s/files/1/0607/7975/7753/files/BaseTransform1_b5545ab0-eafa-4171-95b4-621a23637eda.jpg?v=1726074020,4,U06162:ROSETTE:0000,,,,,,,,,,,,,,,,,,,,,,,,,,,,,,,,,,,,,,,,,,,,
u06222,Small Tri-Fold Wallet,"<ul>
<li>Pebbled leather.</li>
<li>5” × 1” × 4”.</li>
<li>Magnetic closure with logo detailing.</li>
<li>Gold-tone hardware.</li>
<li>6 card slots.</li>
<li>1 bill slot.</li>
<li>2 hidden slots.</li>
<li>1 zippered back pocket.</li>
</ul>",Cole Haan El Salvador,,Wallets,"ACCESSORIES, NO APLICA, Ocelot Print, WACC",false,Color,Ocelot Print,,Size,UNIT,,,,,'194736855277,0.0,shopify,deny,manual,0.00,,true,true,,https://cdn.shopify.com/s/files/1/0607/7975/7753/files/BaseTransform1_3ddd021a-5587-4807-a3fd-e5abdddcc784.jpg?v=1726074040,1,U06222:OCELOT PRINT:0000,false,,,,,,,,,,,,,,,,,,,,,,WACC,Ocelot Print,WACC,,ACCESSORIES,NO APLICA,,,,,,,,,,kg,,,true,,,draft
u06222,,,,,,,,,,,,,,,,,,,,,,,,,,,https://cdn.shopify.com/s/files/1/0607/7975/7753/files/BaseTransform1_2136df82-0b36-470a-8052-df7c490425f5.jpg?v=1726074040,2,U06222:OCELOT PRINT:0000,,,,,,,,,,,,,,,,,,,,,,,,,,,,,,,,,,,,,,,,,,,,
u06222,,,,,,,,,,,,,,,,,,,,,,,,,,,https://cdn.shopify.com/s/files/1/0607/7975/7753/files/BaseTransform1_8236be91-2e28-44b6-962d-eeddac2e6c89.jpg?v=1726074040,3,U06222:OCELOT PRINT:0000,,,,,,,,,,,,,,,,,,,,,,,,,,,,,,,,,,,,,,,,,,,,
u06236,Turnlock Phone Case with Chain,"<ul>
<li>Pebbled leather.</li>
<li>Micro suede interior.</li>
<li>7"" x 1.5"" x 4.5.""</li>
<li>21” strap drop.</li>
<li>Branded turn lock hardware.</li>
<li>Exterior back zip pocket with clear external I.D. card slot.</li>
<li>Internal backwall card slots.</li>
<li>Fits all Plus-size cell phones.</li>
</ul>",Cole Haan El Salvador,,Clutches,"ACCESSORIES, NO APLICA, Snake Print Colorblock, WACC",false,Color,Snake Print Colorblock,,Size,UNIT,,,,,'194736855208,0.0,shopify,deny,manual,0.00,,true,true,,https://cdn.shopify.com/s/files/1/0607/7975/7753/files/BaseTransform1_d7d9dcb9-3fa7-4f9c-82de-55ad5e05bff4.jpg?v=1726074052,1,U06236:SNAKE PRINT COLORBLOCK:0000,false,,,,,,,,,,,,,,,,,,,,,,WACC,Snake Print Colorblock,WACC,,ACCESSORIES,NO APLICA,,,,,,,,,,kg,,,true,,,draft
u06236,,,,,,,,,,,,,,,,,,,,,,,,,,,https://cdn.shopify.com/s/files/1/0607/7975/7753/files/BaseTransform1_bb436c09-93b2-42f7-8e0a-a19a59159a00.jpg?v=1726074052,2,U06236:SNAKE PRINT COLORBLOCK:0000,,,,,,,,,,,,,,,,,,,,,,,,,,,,,,,,,,,,,,,,,,,,
u06236,,,,,,,,,,,,,,,,,,,,,,,,,,,https://cdn.shopify.com/s/files/1/0607/7975/7753/files/BaseTransform1_5edadb99-ec3e-4d49-9489-8aa2a271b76d.jpg?v=1726074052,3,U06236:SNAKE PRINT COLORBLOCK:0000,,,,,,,,,,,,,,,,,,,,,,,,,,,,,,,,,,,,,,,,,,,,
u06236,,,,,,,,,,,,,,,,,,,,,,,,,,,https://cdn.shopify.com/s/files/1/0607/7975/7753/files/BaseTransform1_9c343323-f20b-4d01-b215-b094da82a3bb.jpg?v=1726074052,4,U06236:SNAKE PRINT COLORBLOCK:0000,,,,,,,,,,,,,,,,,,,,,,,,,,,,,,,,,,,,,,,,,,,,
u06240,Wallet on a Chain,"<ul>
<li>Pebbled leather.</li>
<li>7.5"" L x 1.2"" W x 3.85"" H. 21.5'' drop.</li>
</ul>",Cole Haan El Salvador,,Wallets,"ACCESSORIES, Moonlit Ocean-Halogen Blue, NO APLICA, WACC",false,Color,Moonlit Ocean-Halogen Blue,,Size,UNIT,,,,,'194736854461,0.0,shopify,deny,manual,0.00,,true,true,,https://cdn.shopify.com/s/files/1/0607/7975/7753/files/BaseTransform1_b023265d-6e68-4d0a-bd28-a1a319ae7c66.jpg?v=1726074058,1,U06240:MOONLIT/HALOGEN BLUE:0000,false,,,,,,,,,,,,,,,,,,,,,,WACC,Moonlit Ocean-Halogen Blue,WACC,,ACCESSORIES,NO APLICA,,,,,,,,,,kg,,,true,0.00,,draft
u06258,Small Tri-Fold Wallet,"<ul>
<li>Pebbled leather.</li>
<li>5” × 1” × 4”.</li>
<li>Magnetic closure with logo detailing.</li>
<li>Gold-tone hardware.</li>
<li>6 card slots.</li>
<li>1 bill slot.</li>
<li>2 hidden slots.</li>
<li>1 zippered back pocket.</li>
</ul>",Cole Haan El Salvador,,Wallets,"ACCESSORIES, Black-Grey, NO APLICA, WACC",false,Color,Black-Grey,,Size,UNIT,,,,,'194736855130,0.0,shopify,deny,manual,0.00,,true,true,,https://cdn.shopify.com/s/files/1/0607/7975/7753/files/BaseTransform1_e6c2e12d-21e2-44ee-8111-15c7b93ff006.jpg?v=1726074070,1,U06258:BLACK/GREY:0000,false,,,,,,,,,,,,,,,,,,,,,,WACC,Black-Grey,WACC,,ACCESSORIES,NO APLICA,,,,,,,,,,kg,,,true,,,draft
u06258,,,,,,,,,,,,,,,,,,,,,,,,,,,https://cdn.shopify.com/s/files/1/0607/7975/7753/files/BaseTransform1_8da5a732-3368-42d7-9626-59cc119fbf83.jpg?v=1726074070,2,U06258:BLACK/GREY:0000,,,,,,,,,,,,,,,,,,,,,,,,,,,,,,,,,,,,,,,,,,,,
u06258,,,,,,,,,,,,,,,,,,,,,,,,,,,https://cdn.shopify.com/s/files/1/0607/7975/7753/files/BaseTransform1_8dd77594-f02f-4002-b1e3-07e05c952453.jpg?v=1726074070,3,U06258:BLACK/GREY:0000,,,,,,,,,,,,,,,,,,,,,,,,,,,,,,,,,,,,,,,,,,,,
u06263,Neoprene Midsize Crossbody,"<ul>
<li>12.5"" X 2.5"" X 11.4"".</li>
<li>Recycled neoprene bonded with recycled microsuede.</li>
<li>Recycled polyester lining.</li>
<li>Adjustable and removable recycled neoprene webbed strap.</li>
<li>Platinum-tone hardware.</li>
<li>Zip closure.</li>
<li>Exterior pocket with snap closure.</li>
</ul>",Cole Haan El Salvador,,Crossbodys,"ACCESSORIES, NO APLICA, Sesame, WACC",false,Color,Sesame,,Size,UNIT,,,,,'194736854607,0.0,shopify,deny,manual,0.00,,true,true,,https://cdn.shopify.com/s/files/1/0607/7975/7753/files/BaseTransform1_b2e1c9ff-553d-4695-9107-c9e7acda02fa.jpg?v=1726074078,1,U06263:SEASAME:0000,false,,,,,,,,,,,,,,c20719,,,,,,,,WACC,Sesame,WACC,,ACCESSORIES,NO APLICA,,,,,,,,,,kg,,,true,,,draft
u06263,,,,,,,,,,,,,,,,,,,,,,,,,,,https://cdn.shopify.com/s/files/1/0607/7975/7753/files/BaseTransform1_c52d0f08-8c4e-4ea1-a016-46ec8a60e18f.jpg?v=1726074078,2,U06263:SEASAME:0000,,,,,,,,,,,,,,,,,,,,,,,,,,,,,,,,,,,,,,,,,,,,
u06263,,,,,,,,,,,,,,,,,,,,,,,,,,,https://cdn.shopify.com/s/files/1/0607/7975/7753/files/BaseTransform1_6a84ce95-d0d1-4c86-926f-7a784b620375.jpg?v=1726074078,3,U06263:SEASAME:0000,,,,,,,,,,,,,,,,,,,,,,,,,,,,,,,,,,,,,,,,,,,,
u06263,,,,,,,,,,,,,,,,,,,,,,,,,,,https://cdn.shopify.com/s/files/1/0607/7975/7753/files/BaseTransform1_e64bf072-849f-4700-8c4b-2b5efbbc5ee3.jpg?v=1726074078,4,U06263:SEASAME:0000,,,,,,,,,,,,,,,,,,,,,,,,,,,,,,,,,,,,,,,,,,,,
u06320,Small 3-in-1 Tote,"<ul>
<li>Crafted in smooth and exotic leather.</li>
<li>Washable nylon interior.</li>
<li>Micro suede details.</li>
<li>Wear it 3 ways.</li>
<li>1. Carry this bag by the top handle for a satchel-look.</li>
<li>2. Wear as a crossbody for hands-free accessibility.</li>
<li>3. Mini interior pouch can be used separately or as an organizer.</li>
<li>Style features magnetic snap closure with powder coated logo.</li>
<li>Multiple interior pockets including back wall zip top pocket.</li>
<li>11.05""L x 4.6""W x 8.4""H.</li>
<li>19.5"" strap drop and 6.5"" handle drop.</li>
</ul>",Cole Haan El Salvador,,Totes,"ACCESSORIES, NO APLICA, Sesame-Silver Birch, WACC",false,Color,Sesame-Silver Birch,,Size,UNIT,,,,,'196414021042,0.0,shopify,deny,manual,0.00,,true,true,,https://cdn.shopify.com/s/files/1/0607/7975/7753/files/BaseTransform1_09e933b5-527e-43e9-89c7-ad1f8dd33e93.jpg?v=1726074106,1,U06320:SESAME / SILVER BIRCH:0000,false,,,,,,,,,,,,,,c34225,,,,,,,,WACC,Sesame-Silver Birch,WACC,,ACCESSORIES,NO APLICA,,,,,,,,,,kg,,,true,,,draft
u06320,,,,,,,,,,,,,,,,,,,,,,,,,,,https://cdn.shopify.com/s/files/1/0607/7975/7753/files/BaseTransform1_250de33b-ec53-43cd-a8f9-80ccd9dd5577.jpg?v=1726074106,2,U06320:SESAME / SILVER BIRCH:0000,,,,,,,,,,,,,,,,,,,,,,,,,,,,,,,,,,,,,,,,,,,,
u06320,,,,,,,,,,,,,,,,,,,,,,,,,,,https://cdn.shopify.com/s/files/1/0607/7975/7753/files/BaseTransform1_0cf8c79a-7e13-4261-92f5-d2102ab5773d.jpg?v=1726074106,3,U06320:SESAME / SILVER BIRCH:0000,,,,,,,,,,,,,,,,,,,,,,,,,,,,,,,,,,,,,,,,,,,,
u06320,,,,,,,,,,,,,,,,,,,,,,,,,,,https://cdn.shopify.com/s/files/1/0607/7975/7753/files/BaseTransform1_524f81ec-5f87-451c-b41b-8c2d5f6021e2.jpg?v=1726074106,4,U06320:SESAME / SILVER BIRCH:0000,,,,,,,,,,,,,,,,,,,,,,,,,,,,,,,,,,,,,,,,,,,,
u06320,,,,,,,,,,,,,,,,,,,,,,,,,,,https://cdn.shopify.com/s/files/1/0607/7975/7753/files/BaseTransform1_b9596ec4-e5a3-4b3f-ae9c-2560c5234366.jpg?v=1726074106,5,U06320:SESAME / SILVER BIRCH:0000,,,,,,,,,,,,,,,,,,,,,,,,,,,,,,,,,,,,,,,,,,,,
u06323,Small 3-in-1 Tote,"<ul>
<li>Crafted in smooth and exotic leather. </li>
<li>Washable nylon interior. </li>
<li>Micro suede details. </li>
<li>Wear it 3 ways.</li>
<li>1. Carry this bag by the top handle for a satchel-look.</li>
<li>2. Wear as a crossbody for hands-free accessibility.</li>
<li>3. Mini interior pouch can be used separately or as an organizer.</li>
<li>Style features magnetic snap closure with powder coated logo.</li>
<li>Multiple interior pockets including back wall zip top pocket.</li>
<li>11.05""L x 4.6""W x 8.4""H.</li>
<li>19.5"" strap drop and 6.5"" handle drop.</li>
</ul>",Cole Haan El Salvador,,Totes,"ACCESSORIES, NO APLICA, Snake Print-Black-Birch, WACC",false,Color,Snake Print-Black-Birch,,Size,UNIT,,,,,'196414021240,0.0,shopify,deny,manual,0.00,,true,true,,https://cdn.shopify.com/s/files/1/0607/7975/7753/files/BaseTransform1_589e5bc9-4e69-463e-a77b-db088c6ad705.jpg?v=1726074113,1,U06323:SNAKE PRINT / BLACK / SILVER BIRCH / DUNE:0000,false,,,,,,,,,,,,,,c35213,,,,,,,,WACC,Snake Print-Black-Birch,WACC,,ACCESSORIES,NO APLICA,,,,,,,,,,kg,,,true,,,draft
u06323,,,,,,,,,,,,,,,,,,,,,,,,,,,https://cdn.shopify.com/s/files/1/0607/7975/7753/files/BaseTransform1_951b7ed0-be65-4c9e-a3d1-77f3221e4178.jpg?v=1726074113,2,U06323:SNAKE PRINT / BLACK / SILVER BIRCH / DUNE:0000,,,,,,,,,,,,,,,,,,,,,,,,,,,,,,,,,,,,,,,,,,,,
u06323,,,,,,,,,,,,,,,,,,,,,,,,,,,https://cdn.shopify.com/s/files/1/0607/7975/7753/files/BaseTransform1_4497dd0a-bb0b-46a3-b97a-eb6c179641c5.jpg?v=1726074114,3,U06323:SNAKE PRINT / BLACK / SILVER BIRCH / DUNE:0000,,,,,,,,,,,,,,,,,,,,,,,,,,,,,,,,,,,,,,,,,,,,
u06323,,,,,,,,,,,,,,,,,,,,,,,,,,,https://cdn.shopify.com/s/files/1/0607/7975/7753/files/BaseTransform1_7d463a35-e4aa-47f0-bc6e-626e720a6dd3.jpg?v=1726074114,4,U06323:SNAKE PRINT / BLACK / SILVER BIRCH / DUNE:0000,,,,,,,,,,,,,,,,,,,,,,,,,,,,,,,,,,,,,,,,,,,,
u06323,,,,,,,,,,,,,,,,,,,,,,,,,,,https://cdn.shopify.com/s/files/1/0607/7975/7753/files/BaseTransform1_132c004f-b1b1-4ddf-b2ab-4d89cfcc03f8.jpg?v=1726074114,5,U06323:SNAKE PRINT / BLACK / SILVER BIRCH / DUNE:0000,,,,,,,,,,,,,,,,,,,,,,,,,,,,,,,,,,,,,,,,,,,,
u06359,Vartan Mini Bag,"<ul>
<li>100% Cow Leather.</li>
<li>7.5''x 2.5'' x4.5"""".</li>
<li> 8"""" handle.</li>
<li>21"""" strap.</li>
<li>Snap closure.</li>
<li>Interior zip pocket.</li>
<li>Pocket on back of bag for easy access.</li>
</ul>",Cole Haan El Salvador,,Satchels,"ACCESSORIES, BLACK, NO APLICA, WACC",false,Color,Black,,Size,UNIT,,,,,'196414021127,0.0,shopify,deny,manual,0.00,,true,true,,https://cdn.shopify.com/s/files/1/0607/7975/7753/files/BaseTransform1_5c3211c1-d6ab-4053-8097-62a718e3e08e.jpg?v=1726074135,1,U06359:BLACK:0000,false,,,,,,,,,,,,,,c35822,,,,,,,,WACC,BLACK,WACC,,ACCESSORIES,NO APLICA,,,,,,,,,,kg,,,true,,,draft
u06359,,,,,,,,,,,,,,,,,,,,,,,,,,,https://cdn.shopify.com/s/files/1/0607/7975/7753/files/BaseTransform1_41103414-23a0-4ad3-b03f-51077c2f33dd.jpg?v=1726074136,2,U06359:BLACK:0000,,,,,,,,,,,,,,,,,,,,,,,,,,,,,,,,,,,,,,,,,,,,
u06359,,,,,,,,,,,,,,,,,,,,,,,,,,,https://cdn.shopify.com/s/files/1/0607/7975/7753/files/BaseTransform1_4d286654-99de-44c8-a966-1d6d5662b1dd.jpg?v=1726074136,3,U06359:BLACK:0000,,,,,,,,,,,,,,,,,,,,,,,,,,,,,,,,,,,,,,,,,,,,
u06359,,,,,,,,,,,,,,,,,,,,,,,,,,,https://cdn.shopify.com/s/files/1/0607/7975/7753/files/BaseTransform1_228eb598-c2c4-4d4c-9920-fde4baeb2f32.jpg?v=1726074136,4,U06359:BLACK:0000,,,,,,,,,,,,,,,,,,,,,,,,,,,,,,,,,,,,,,,,,,,,
u06363,Small Everyday Tote,"<ul>
<li>Pebbled leather tote bag.</li>
<li>11.3"" L x 4.5"" W x 8.8"" H.</li>
<li>21.5'' strap.</li>
</ul>",Cole Haan El Salvador,,Totes,"ACCESSORIES, NO APLICA, Silver Birch Croc Print, WACC",false,Color,Silver Birch Croc Print,,Size,UNIT,,,,,'196414021264,0.0,shopify,deny,manual,0.00,,true,true,,https://cdn.shopify.com/s/files/1/0607/7975/7753/files/BaseTransform1_f12443a9-abcb-4d30-b106-2c05cbdbd20f.jpg?v=1726074141,1,U06363:SILVER BIRCH CROCO/ SILVER BIRCH:0000,false,,,,,,,,,,,,,,c35893,,,,,,,,WACC,Silver Birch Croc Print,WACC,,ACCESSORIES,NO APLICA,,,,,,,,,,kg,,,true,,,draft
u06363,,,,,,,,,,,,,,,,,,,,,,,,,,,https://cdn.shopify.com/s/files/1/0607/7975/7753/files/BaseTransform1_a50925ac-39e7-45a4-b94c-d2e9ae7454b9.jpg?v=1726074141,2,U06363:SILVER BIRCH CROCO/ SILVER BIRCH:0000,,,,,,,,,,,,,,,,,,,,,,,,,,,,,,,,,,,,,,,,,,,,
u06363,,,,,,,,,,,,,,,,,,,,,,,,,,,https://cdn.shopify.com/s/files/1/0607/7975/7753/files/BaseTransform1_c269bc71-8e10-4ca2-8f71-368d86d8d70f.jpg?v=1726074141,3,U06363:SILVER BIRCH CROCO/ SILVER BIRCH:0000,,,,,,,,,,,,,,,,,,,,,,,,,,,,,,,,,,,,,,,,,,,,
u06363,,,,,,,,,,,,,,,,,,,,,,,,,,,https://cdn.shopify.com/s/files/1/0607/7975/7753/files/BaseTransform1_fada7984-3388-426c-9ac4-f9910fd46aef.jpg?v=1726074141,4,U06363:SILVER BIRCH CROCO/ SILVER BIRCH:0000,,,,,,,,,,,,,,,,,,,,,,,,,,,,,,,,,,,,,,,,,,,,
u06364,Small Everyday Tote,"<ul>
<li>Pebbled leather.</li>
<li>11.3'' x 4.5'' x 8.8''.</li>
<li>21.5'' crossbody strap.</li>
<li>Can be worn multiple ways: as a tote bag or a crossbody.</li>
</ul>",Cole Haan El Salvador,,Totes,"ACCESSORIES, NAVY BLAZER, NO APLICA, WACC",false,Color,Navy Blazer,,Size,UNIT,,,,,'194736906931,0.0,shopify,deny,manual,0.00,,true,true,,https://cdn.shopify.com/s/files/1/0607/7975/7753/files/BaseTransform1_d7fed5ff-ad29-4536-b9d3-db8d020999ea.jpg?v=1726074147,1,U06364:NAVY BLAZER:0000,false,,,,,,,,,,,,,,c36131,,,,,,,,WACC,NAVY BLAZER,NAVY BLAZER,,ACCESSORIES,NO APLICA,,,,,,,,,,kg,,,true,,,draft
u06364,,,,,,,,,,,,,,,,,,,,,,,,,,,https://cdn.shopify.com/s/files/1/0607/7975/7753/files/BaseTransform1_87d950e2-ad2c-45de-9fd3-f96e54197585.jpg?v=1726074147,2,U06364:NAVY BLAZER:0000,,,,,,,,,,,,,,,,,,,,,,,,,,,,,,,,,,,,,,,,,,,,
u06364,,,,,,,,,,,,,,,,,,,,,,,,,,,https://cdn.shopify.com/s/files/1/0607/7975/7753/files/BaseTransform1_ce031fb3-0349-4518-9d2e-1ab809f83012.jpg?v=1726074147,3,U06364:NAVY BLAZER:0000,,,,,,,,,,,,,,,,,,,,,,,,,,,,,,,,,,,,,,,,,,,,
u06364,,,,,,,,,,,,,,,,,,,,,,,,,,,https://cdn.shopify.com/s/files/1/0607/7975/7753/files/BaseTransform1_d9fb3268-6ba6-4fd5-9ee1-9059c37eae4a.jpg?v=1726074147,4,U06364:NAVY BLAZER:0000,,,,,,,,,,,,,,,,,,,,,,,,,,,,,,,,,,,,,,,,,,,,
u06412,Vartan Continental Wallet,"<ul>
<li>Zip around continental wallet in pebbled leather.</li>
<li>8"" x 1"" x 4"".</li>
</ul>",Cole Haan El Salvador,,Wallets,"ACCESSORIES, NO APLICA, Silver Birch Croc Print, WACC",false,Color,Silver Birch Croc Print,,Size,UNIT,,,,,'196414021844,0.0,shopify,deny,manual,0.00,,true,true,,https://cdn.shopify.com/s/files/1/0607/7975/7753/files/BaseTransform1_605b5f79-0c66-4d76-8e2a-125339c154e4.jpg?v=1726074162,1,U06412:SILVER BIRCH CROCO/ SILVER BIRCH:0000,false,,,,,,,,,,,,,,c36350,,,,,,,,WACC,Silver Birch Croc Print,Silver Birch Croc Print,,ACCESSORIES,NO APLICA,,,,,,,,,,kg,,,true,,,draft
u06412,,,,,,,,,,,,,,,,,,,,,,,,,,,https://cdn.shopify.com/s/files/1/0607/7975/7753/files/BaseTransform1_12384db4-1c67-402b-8a6a-42548369e3c1.jpg?v=1726074162,2,U06412:SILVER BIRCH CROCO/ SILVER BIRCH:0000,,,,,,,,,,,,,,,,,,,,,,,,,,,,,,,,,,,,,,,,,,,,
u06412,,,,,,,,,,,,,,,,,,,,,,,,,,,https://cdn.shopify.com/s/files/1/0607/7975/7753/files/BaseTransform1_a6ef2a5c-e6d8-4fc8-98f8-7a9f6b3a3e5a.jpg?v=1726074162,3,U06412:SILVER BIRCH CROCO/ SILVER BIRCH:0000,,,,,,,,,,,,,,,,,,,,,,,,,,,,,,,,,,,,,,,,,,,,
u06414,Vartan Continental Wallet,"<ul>
<li>Zip around continental wallet in pebbled leather.</li>
<li>8"" x 1"" x 4"".</li>
</ul>",Cole Haan El Salvador,,Wallets,"ACCESSORIES, China Blue-Navy Blazer, NO APLICA, WACC",false,Color,China Blue-Navy Blazer,,Size,UNIT,,,,,'196414021905,0.0,shopify,deny,manual,0.00,,true,true,,https://cdn.shopify.com/s/files/1/0607/7975/7753/files/BaseTransform1_08a81fe5-32fe-4c60-8666-eb51ed0eb6b0.jpg?v=1726074168,1,U06414:CHINA BLUE / NAVY BLAZER:0000,false,,,,,,,,,,,,,,c36355,,,,,,,,WACC,China Blue-Navy Blazer,China Blue-Navy Blazer,,ACCESSORIES,NO APLICA,,,,,,,,,,kg,,,true,,,draft
u06414,,,,,,,,,,,,,,,,,,,,,,,,,,,https://cdn.shopify.com/s/files/1/0607/7975/7753/files/BaseTransform1_02e215de-df28-4d9e-849a-cd89af7ea5c1.jpg?v=1726074168,2,U06414:CHINA BLUE / NAVY BLAZER:0000,,,,,,,,,,,,,,,,,,,,,,,,,,,,,,,,,,,,,,,,,,,,
u06414,,,,,,,,,,,,,,,,,,,,,,,,,,,https://cdn.shopify.com/s/files/1/0607/7975/7753/files/BaseTransform1_653a7824-163d-4729-983a-e6371229a105.jpg?v=1726074168,3,U06414:CHINA BLUE / NAVY BLAZER:0000,,,,,,,,,,,,,,,,,,,,,,,,,,,,,,,,,,,,,,,,,,,,
u06428,ZERØGRAND Sport Visor,"<ul>
<li>60% Recycled Polyester / 40% Polyester.</li>
<li>Oversized brim.</li>
<li>Adjustable closure in back of hat.</li>
</ul>",Cole Haan El Salvador,,Hats,"ACCESSORIES, Sunny Lime, WACC, ZEROGRAND",false,Color,Sunny Lime,,Size,UNIT,,,,,'191459179352,0.0,shopify,deny,manual,0.00,,true,true,,https://cdn.shopify.com/s/files/1/0607/7975/7753/files/BaseTransform1_21b20015-2333-4b3e-a887-be4b2fb5ded7.jpg?v=1726074196,1,U06428:SUNNY LIME:21753,false,,,,,,,,,,,,,,c36645,,,,,,,,WACC,Sunny Lime,Sunny Lime,,ACCESSORIES,ZEROGRAND,,,,,,,,,,kg,,,true,,,draft
u06428,,,,,,,,,,,,,,,,,,,,,,,,,,,https://cdn.shopify.com/s/files/1/0607/7975/7753/files/BaseTransform1_3779aae9-64cb-48bf-9be8-5d06a3c285f1.jpg?v=1726074196,2,U06428:SUNNY LIME:21753,,,,,,,,,,,,,,,,,,,,,,,,,,,,,,,,,,,,,,,,,,,,
u06452,Quilted Shoulder Bag,"<ul>
<li>Crafted in a smooth leather with a washable nylon interior.</li>
<li>Elevated 'puff' quilting on exterior.</li>
<li>Multiple ways to wear.</li>
<li>Carry this bag by the top handle or use the leather crossbody strap to go hands free.</li>
<li>9.5''L x 2.5''W x 5.5''H.</li>
<li>Adjustable 22'' strap drop and 7'' handle drop.</li>
</ul>",Cole Haan El Salvador,Sin categoría,Shoulder Bag,"ACCESSORIES, NO APLICA, Old, Silver, WACC",false,Color,Silver,,Size,UNIT,,,,,'196414080193,0.0,shopify,deny,manual,365.00,,true,true,,,,,false,,,,,,,,,,,,,,c36989,,,,,,,,WACC,Silver,,,ACCESSORIES,NO APLICA,,,,,,,,,,kg,,,true,365.00,,draft
u06454,Quilted Shoulder Bag,"<ul>
<li>Crafted in a smooth leather with a washable nylon interior.</li>
<li>Elevated 'puff' quilting on exterior.</li>
<li>Multiple ways to wear.</li>
<li>Carry this bag by the top handle or use the leather crossbody strap to go hands free.</li>
<li>9.5''L x 2.5''W x 5.5''H.</li>
<li>Adjustable 22'' strap drop and 7'' handle drop.</li>
</ul>",Cole Haan El Salvador,,"","ACCESSORIES, Angora, NO APLICA, WACC",false,Color,Angora,,Size,UNIT,,,,,'196414080100,0.0,shopify,deny,manual,0.00,,true,true,,https://cdn.shopify.com/s/files/1/0607/7975/7753/files/BaseTransform1_a99287e4-26d6-440b-997a-dc577b9d01e9.jpg?v=1726074244,1,U06454:ANGORA:0000,false,,,,,,,,,,,,,,c37148,,,,,,,,WACC,Angora,Angora,,ACCESSORIES,NO APLICA,,,,,,,,,,kg,,,true,,,draft
u06454,,,,,,,,,,,,,,,,,,,,,,,,,,,https://cdn.shopify.com/s/files/1/0607/7975/7753/files/BaseTransform1_6d7337c4-0d99-4c68-9e91-dc30b4d691d4.jpg?v=1726074244,2,U06454:ANGORA:0000,,,,,,,,,,,,,,,,,,,,,,,,,,,,,,,,,,,,,,,,,,,,
u06454,,,,,,,,,,,,,,,,,,,,,,,,,,,https://cdn.shopify.com/s/files/1/0607/7975/7753/files/BaseTransform1_672cbe77-9fcb-4dda-b8d5-6b79e4bfc7c4.jpg?v=1726074244,3,U06454:ANGORA:0000,,,,,,,,,,,,,,,,,,,,,,,,,,,,,,,,,,,,,,,,,,,,
u06454,,,,,,,,,,,,,,,,,,,,,,,,,,,https://cdn.shopify.com/s/files/1/0607/7975/7753/files/BaseTransform1_5f103f4b-8fdd-4ddd-9cc1-4e3800f81878.jpg?v=1726074244,4,U06454:ANGORA:0000,,,,,,,,,,,,,,,,,,,,,,,,,,,,,,,,,,,,,,,,,,,,
u06454,,,,,,,,,,,,,,,,,,,,,,,,,,,https://cdn.shopify.com/s/files/1/0607/7975/7753/files/BaseTransform1_1c58afb9-0af2-4f07-b8e0-a9284af67146.jpg?v=1726074244,5,U06454:ANGORA:0000,,,,,,,,,,,,,,,,,,,,,,,,,,,,,,,,,,,,,,,,,,,,
u06456,Vartan Mini Bag,"<ul>
<li>100% Cow Leather.</li>
<li>7.5''x 2.5'' x4.5"".</li>
<li>8"" handle.</li>
<li>21"" strap.</li>
<li>Snap closure.</li>
<li>Interior zip pocket.</li>
<li>Pocket on back of bag for easy access.</li>
</ul>",Cole Haan El Salvador,,Shoulder Bag,"ACCESSORIES, NO APLICA, Silver, WACC",false,Color,Silver,,Size,UNIT,,,,,'196414080155,0.0,shopify,deny,manual,0.00,,true,true,,https://cdn.shopify.com/s/files/1/0607/7975/7753/files/BaseTransform1_8dc7d7cf-6beb-409f-aaee-d069a3eb569a.jpg?v=1726074250,1,U06456:SILVER:0000,false,,,,,,,,,,,,,,c37188,,,,,,,,WACC,Silver,Silver,,ACCESSORIES,NO APLICA,,,,,,,,,,kg,,,true,,,draft
u06456,,,,,,,,,,,,,,,,,,,,,,,,,,,https://cdn.shopify.com/s/files/1/0607/7975/7753/files/BaseTransform1_f97220ea-eb81-4294-a59f-a74f11d9bcab.jpg?v=1726074250,2,U06456:SILVER:0000,,,,,,,,,,,,,,,,,,,,,,,,,,,,,,,,,,,,,,,,,,,,
u06456,,,,,,,,,,,,,,,,,,,,,,,,,,,https://cdn.shopify.com/s/files/1/0607/7975/7753/files/BaseTransform1_28637f9e-fd52-4e09-b751-ca594e1bb45d.jpg?v=1726074250,3,U06456:SILVER:0000,,,,,,,,,,,,,,,,,,,,,,,,,,,,,,,,,,,,,,,,,,,,
u06456,,,,,,,,,,,,,,,,,,,,,,,,,,,https://cdn.shopify.com/s/files/1/0607/7975/7753/files/BaseTransform1_07454423-8b7a-42c7-bf4a-8282c893f22c.jpg?v=1726074250,4,U06456:SILVER:0000,,,,,,,,,,,,,,,,,,,,,,,,,,,,,,,,,,,,,,,,,,,,
u06459,Oversized Closure Phone Case,"<ul>
<li>Pebbled leather with micro suede interior.</li>
<li>7"" x 1.5"" x 4.5.""</li>
<li>21'' chain strap drop.</li>
<li>Branded snap closure hardware.</li>
<li>Exterior back zip pocket with clear external I.D. card slot.</li>
<li>Internal backwall card slots.</li>
</ul>",Cole Haan El Salvador,,Wallets,"ACCESSORIES, NO APLICA, Silver, WACC",false,Color,Silver,,Size,UNIT,,,,,'196414080278,0.0,shopify,deny,manual,0.00,,true,true,,https://cdn.shopify.com/s/files/1/0607/7975/7753/files/BaseTransform1_ae26a75e-5fbf-4e8a-a923-37b2a665c3fb.jpg?v=1726074259,1,U06459:SILVER:0000,false,,,,,,,,,,,,,,c37283,,,,,,,,WACC,Silver,Silver,,ACCESSORIES,NO APLICA,,,,,,,,,,kg,,,true,,,draft
u06459,,,,,,,,,,,,,,,,,,,,,,,,,,,https://cdn.shopify.com/s/files/1/0607/7975/7753/files/BaseTransform1_0e5360c5-a554-4e35-96dc-c4d22f3be031.jpg?v=1726074259,2,U06459:SILVER:0000,,,,,,,,,,,,,,,,,,,,,,,,,,,,,,,,,,,,,,,,,,,,
u06459,,,,,,,,,,,,,,,,,,,,,,,,,,,https://cdn.shopify.com/s/files/1/0607/7975/7753/files/BaseTransform1_4b1a9398-bc67-4699-b50f-6dc0aa6b4820.jpg?v=1726074259,3,U06459:SILVER:0000,,,,,,,,,,,,,,,,,,,,,,,,,,,,,,,,,,,,,,,,,,,,
u06459,,,,,,,,,,,,,,,,,,,,,,,,,,,https://cdn.shopify.com/s/files/1/0607/7975/7753/files/BaseTransform1_30ccd886-b9f8-4fa0-b266-6d3d771cdda8.jpg?v=1726074259,4,U06459:SILVER:0000,,,,,,,,,,,,,,,,,,,,,,,,,,,,,,,,,,,,,,,,,,,,
u06459,,,,,,,,,,,,,,,,,,,,,,,,,,,https://cdn.shopify.com/s/files/1/0607/7975/7753/files/BaseTransform1_41b136dd-9347-4c47-be99-4fafeca02602.jpg?v=1726074259,5,U06459:SILVER:0000,,,,,,,,,,,,,,,,,,,,,,,,,,,,,,,,,,,,,,,,,,,,
u06473,Vartan Card Case,"<ul>
<li>Genuine leather.</li>
<li>Zip pocket and snap closure.</li>
<li>4.15"" × 3.6"".</li>
</ul>",Cole Haan El Salvador,,Wallets,"ACCESSORIES, BLACK, NO APLICA, WACC",false,Color,Black,,Size,UNIT,,,,,'196414021592,0.0,shopify,deny,manual,0.00,,true,true,,https://cdn.shopify.com/s/files/1/0607/7975/7753/files/BaseTransform1_387ae1d9-7a91-42e3-b2a2-7927c0e2c75d.jpg?v=1726074277,1,U06473:BLACK:0000,false,,,,,,,,,,,,,,c37392,,,,,,,,WACC,BLACK,BLACK,,ACCESSORIES,NO APLICA,,,,,,,,,,kg,,,true,,,draft
u06473,,,,,,,,,,,,,,,,,,,,,,,,,,,https://cdn.shopify.com/s/files/1/0607/7975/7753/files/BaseTransform1_37133633-7e89-4aac-bded-0dec4197cc9e.jpg?v=1726074277,2,U06473:BLACK:0000,,,,,,,,,,,,,,,,,,,,,,,,,,,,,,,,,,,,,,,,,,,,
u06473,,,,,,,,,,,,,,,,,,,,,,,,,,,https://cdn.shopify.com/s/files/1/0607/7975/7753/files/BaseTransform1_b4880f35-5c43-4848-b979-c5cac1fc4e90.jpg?v=1726074277,3,U06473:BLACK:0000,,,,,,,,,,,,,,,,,,,,,,,,,,,,,,,,,,,,,,,,,,,,
u06619,Vartan Card Case,"<ul>
<li>Bifold card case crafted in genuine leather.</li>
<li>Zip pocket and snap closure.</li>
<li>4.15"" W × 3.6"" H.</li>
</ul>",Cole Haan El Salvador,,Wallets,"ACCESSORIES, Gold, NO APLICA, WACC",false,Color,Gold,,Size,UNIT,,,,,'196414180572,0.0,shopify,deny,manual,0.00,,true,true,,https://cdn.shopify.com/s/files/1/0607/7975/7753/files/BaseTransform1_6944809a-75c2-4e06-abf4-87325eb5cd7b.jpg?v=1726074346,1,U06619:GOLD:0000,false,,,,,,,,,,,,,,c38040,,,,,,,,WACC,Gold,Gold,,ACCESSORIES,NO APLICA,,,,,,,,,,kg,,,true,,,draft
u06619,,,,,,,,,,,,,,,,,,,,,,,,,,,https://cdn.shopify.com/s/files/1/0607/7975/7753/files/BaseTransform1_9e535b07-01a4-4c4e-89b9-88154fb15678.jpg?v=1726074346,2,U06619:GOLD:0000,,,,,,,,,,,,,,,,,,,,,,,,,,,,,,,,,,,,,,,,,,,,
u06619,,,,,,,,,,,,,,,,,,,,,,,,,,,https://cdn.shopify.com/s/files/1/0607/7975/7753/files/BaseTransform1_38ca6b61-37b2-497a-9383-fa43ec93920e.jpg?v=1726074346,3,U06619:GOLD:0000,,,,,,,,,,,,,,,,,,,,,,,,,,,,,,,,,,,,,,,,,,,,
u06623,Town Continental Wallet,"<ul>
<li>A colorful twist of functional and chic for the women on the move.</li>
<li>Secured with updated logo detailing with full zip and closure.</li>
<li>Multiple compartments including coin compartment.</li>
<li>7.7”L x 1”W x 4”H.</li>
<li>Strap Drop 20.5.</li>
</ul>",Cole Haan El Salvador,,Wallets,"ACCESSORIES, BLACK, NO APLICA, WACC",false,Color,Black,,Size,UNIT,,,,,'196414181456,0.0,shopify,deny,manual,0.00,,true,true,,https://cdn.shopify.com/s/files/1/0607/7975/7753/files/BaseTransform1_1ee9a8a0-5c47-416a-bcf1-71f797f491dd.jpg?v=1726074352,1,U06623:BLACK:0000,false,,,,,,,,,,,,,,c38049,,,,,,,,WACC,BLACK,BLACK,,ACCESSORIES,NO APLICA,,,,,,,,,,kg,,,true,,,draft
u06623,,,,,,,,,,,,,,,,,,,,,,,,,,,https://cdn.shopify.com/s/files/1/0607/7975/7753/files/BaseTransform1_a1d44094-cc45-4120-b5bf-9df4df922f82.jpg?v=1726074352,2,U06623:BLACK:0000,,,,,,,,,,,,,,,,,,,,,,,,,,,,,,,,,,,,,,,,,,,,
u06623,,,,,,,,,,,,,,,,,,,,,,,,,,,https://cdn.shopify.com/s/files/1/0607/7975/7753/files/BaseTransform1_86336928-5de7-4077-ae2f-ce5f82fd1009.jpg?v=1726074352,3,U06623:BLACK:0000,,,,,,,,,,,,,,,,,,,,,,,,,,,,,,,,,,,,,,,,,,,,
u06635,Oversized Closure Phone Case,"<ul>
<li>Crafted in pebbled leather with micro suede interior.</li>
<li>7"" L x 1.5"" W x 4.5"" H.</li>
<li>21” strap drop.</li>
<li>Branded hardware closure.</li>
<li>Exterior back zip pocket with clear external I.D. card slot.</li>
<li>Internal backwall card slots.</li>
<li>Fits all plus-size cell phones.</li>
<li>Imported.</li>
</ul>",Cole Haan El Salvador,,Wallets,"ACCESSORIES, Gold, NO APLICA, WACC",false,Color,Gold,,Size,UNIT,,,,,'196414180480,0.0,shopify,deny,manual,0.00,,true,true,,https://cdn.shopify.com/s/files/1/0607/7975/7753/files/BaseTransform1_1a6a8c60-c798-46f2-9fdc-881407d1216a.jpg?v=1726074365,1,U06635:GOLD:0000,false,,,,,,,,,,,,,,c38273,,,,,,,,WACC,Gold,Gold,,ACCESSORIES,NO APLICA,,,,,,,,,,kg,,,true,,,draft
u06635,,,,,,,,,,,,,,,,,,,,,,,,,,,https://cdn.shopify.com/s/files/1/0607/7975/7753/files/BaseTransform1_8340f3c7-1026-4839-a1b4-1c5a8ed4cae4.jpg?v=1726074365,2,U06635:GOLD:0000,,,,,,,,,,,,,,,,,,,,,,,,,,,,,,,,,,,,,,,,,,,,
u06635,,,,,,,,,,,,,,,,,,,,,,,,,,,https://cdn.shopify.com/s/files/1/0607/7975/7753/files/BaseTransform1_0de006c3-b472-4bea-9a41-253660ebc982.jpg?v=1726074365,3,U06635:GOLD:0000,,,,,,,,,,,,,,,,,,,,,,,,,,,,,,,,,,,,,,,,,,,,
u06635,,,,,,,,,,,,,,,,,,,,,,,,,,,https://cdn.shopify.com/s/files/1/0607/7975/7753/files/BaseTransform1_17e7d398-b4f5-423e-bf4c-10f1e4066860.jpg?v=1726074365,4,U06635:GOLD:0000,,,,,,,,,,,,,,,,,,,,,,,,,,,,,,,,,,,,,,,,,,,,
u06636,Oversized Closure Phone Case,"<ul>
<li>Crafted in pebbled leather with micro suede interior.</li>
<li>7"" L x 1.5"" W x 4.5"" H.</li>
<li>21” strap drop.</li>
<li>Branded hardware closure.</li>
<li>Exterior back zip pocket with clear external I.D. card slot.</li>
<li>Internal backwall card slots.</li>
<li>Fits all plus-size cell phones.</li>
<li>Imported.</li>
</ul>",Cole Haan El Salvador,,Wallets,"ACCESSORIES, BLACK, NO APLICA, WACC",false,Color,Black,,Size,UNIT,,,,,'196414180541,0.0,shopify,deny,manual,0.00,,true,true,,https://cdn.shopify.com/s/files/1/0607/7975/7753/files/BaseTransform1_e01b4379-1ddc-4802-9c08-3d77afe92b24.jpg?v=1726074372,1,U06636:BLACK:0000,false,,,,,,,,,,,,,,c38324,,,,,,,,WACC,BLACK,BLACK,,ACCESSORIES,NO APLICA,,,,,,,,,,kg,,,true,,,draft
u06636,,,,,,,,,,,,,,,,,,,,,,,,,,,https://cdn.shopify.com/s/files/1/0607/7975/7753/files/BaseTransform1_6c20a266-2b04-48f3-9f2f-74c2cd0e2f77.jpg?v=1726074372,2,U06636:BLACK:0000,,,,,,,,,,,,,,,,,,,,,,,,,,,,,,,,,,,,,,,,,,,,
u06636,,,,,,,,,,,,,,,,,,,,,,,,,,,https://cdn.shopify.com/s/files/1/0607/7975/7753/files/BaseTransform1_0440e586-e0ce-4a5f-bf67-de415aaf409b.jpg?v=1726074372,3,U06636:BLACK:0000,,,,,,,,,,,,,,,,,,,,,,,,,,,,,,,,,,,,,,,,,,,,
u06636,,,,,,,,,,,,,,,,,,,,,,,,,,,https://cdn.shopify.com/s/files/1/0607/7975/7753/files/BaseTransform1_2dc40c0e-5db7-476c-a530-cc8679c415b5.jpg?v=1726074372,4,U06636:BLACK:0000,,,,,,,,,,,,,,,,,,,,,,,,,,,,,,,,,,,,,,,,,,,,
u06637,Oversized Closure Phone Case,"<ul>
<li>Crafted in pebbled leather with micro suede interior.</li>
<li>7"" L x 1.5"" W x 4.5"" H.</li>
<li>21” strap drop.</li>
<li>Branded hardware closure.</li>
<li>Exterior back zip pocket with clear external I.D. card slot.</li>
<li>Internal backwall card slots.</li>
<li>Fits all plus-size cell phones.</li>
<li>Imported.</li>
</ul>",Cole Haan El Salvador,,Wallets,"ACCESSORIES, Lemon Print, NO APLICA, WACC",false,Color,Lemon Print,,Size,UNIT,,,,,'196414180466,0.0,shopify,deny,manual,0.00,,true,true,,https://cdn.shopify.com/s/files/1/0607/7975/7753/files/BaseTransform1_5bf20abf-2e96-472d-8441-177af9b1d793.jpg?v=1726074379,1,U06637:LEMON PRINT:0000,false,,,,,,,,,,,,,,c38378,,,,,,,,WACC,Lemon Print,Lemon Print,,ACCESSORIES,NO APLICA,,,,,,,,,,kg,,,true,,,draft
u06637,,,,,,,,,,,,,,,,,,,,,,,,,,,https://cdn.shopify.com/s/files/1/0607/7975/7753/files/BaseTransform1_8929cf95-bd17-4116-8285-71af24e8af56.jpg?v=1726074379,2,U06637:LEMON PRINT:0000,,,,,,,,,,,,,,,,,,,,,,,,,,,,,,,,,,,,,,,,,,,,
u06637,,,,,,,,,,,,,,,,,,,,,,,,,,,https://cdn.shopify.com/s/files/1/0607/7975/7753/files/BaseTransform1_05ce50e9-6c8a-4822-90b1-641374c520e9.jpg?v=1726074379,3,U06637:LEMON PRINT:0000,,,,,,,,,,,,,,,,,,,,,,,,,,,,,,,,,,,,,,,,,,,,
u06637,,,,,,,,,,,,,,,,,,,,,,,,,,,https://cdn.shopify.com/s/files/1/0607/7975/7753/files/BaseTransform1_2477c0bb-7ee3-4e42-8163-72c41f6ba0d0.jpg?v=1726074379,4,U06637:LEMON PRINT:0000,,,,,,,,,,,,,,,,,,,,,,,,,,,,,,,,,,,,,,,,,,,,
u06639,Wallet on a Chain,"<ul>
<li>Crafted in pebbled leather.</li>
<li>7.5""L x 1.2""W x 3.85""H.</li>
<li>21.5” strap drop.</li>
<li>Branded hardware closure.</li>
<li>Imported.</li>
</ul>",Cole Haan El Salvador,,"","ACCESSORIES, Gold, NO APLICA, WACC",false,Color,Gold,,Size,UNIT,,,,,'196414180503,0.0,shopify,deny,manual,0.00,,true,true,,https://cdn.shopify.com/s/files/1/0607/7975/7753/files/BaseTransform1_fdfb765b-d140-45eb-84a4-49ae23607048.jpg?v=1726074384,1,U06639:GOLD:0000,false,,,,,,,,,,,,,,c38416,,,,,,,,WACC,Gold,Gold,,ACCESSORIES,NO APLICA,,,,,,,,,,kg,,,true,,,draft
u06639,,,,,,,,,,,,,,,,,,,,,,,,,,,https://cdn.shopify.com/s/files/1/0607/7975/7753/files/BaseTransform1_88ea49c1-549f-4a14-9a64-8af66c6855f1.jpg?v=1726074384,2,U06639:GOLD:0000,,,,,,,,,,,,,,,,,,,,,,,,,,,,,,,,,,,,,,,,,,,,
u06639,,,,,,,,,,,,,,,,,,,,,,,,,,,https://cdn.shopify.com/s/files/1/0607/7975/7753/files/BaseTransform1_d0af385f-9b9d-4b5a-9cac-7e3d88956711.jpg?v=1726074384,3,U06639:GOLD:0000,,,,,,,,,,,,,,,,,,,,,,,,,,,,,,,,,,,,,,,,,,,,
u06815,Neoprene Transit Bag,"<ul>
<li>Incredibly lightweight belt bag crafted in recycled neoprene.</li>
<li>Front zip pocket.</li>
<li>Two neoprene compartments.</li>
<li>Removable and adjustable nylon strap.</li>
<li>Sustainable style: crafted using more than 25% recycled content by weight.</li>
<li> 8.3""L x 2.9""W x 4.9""H.</li>
<li>Adjustable 22.5"" strap.</li>
</ul>",Cole Haan El Salvador,,Crossbodys,"ACCESSORIES, BLACK, NO APLICA, WACC",false,Color,Black,,Size,UNIT,,,,,'196414311334,0.0,shopify,deny,manual,0.00,,true,true,,https://cdn.shopify.com/s/files/1/0607/7975/7753/files/BaseTransform1_124a5d35-55f9-484d-b6a5-e79443b435a5.jpg?v=1726074392,1,U06815:BLACK:,false,,,,,,,,,,,,,,c38506,,,,,,,,WACC,BLACK,BLACK,,ACCESSORIES,NO APLICA,,,,,,,,,,kg,,,true,,,draft
u06815,,,,,,,,,,,,,,,,,,,,,,,,,,,https://cdn.shopify.com/s/files/1/0607/7975/7753/files/BaseTransform1_76a59968-a2b4-4190-9dca-7e009aafc593.jpg?v=1726074392,2,U06815:BLACK:,,,,,,,,,,,,,,,,,,,,,,,,,,,,,,,,,,,,,,,,,,,,
u06815,,,,,,,,,,,,,,,,,,,,,,,,,,,https://cdn.shopify.com/s/files/1/0607/7975/7753/files/BaseTransform1_af271de8-b1a7-4d02-a694-e6113a09cf15.jpg?v=1726074392,3,U06815:BLACK:,,,,,,,,,,,,,,,,,,,,,,,,,,,,,,,,,,,,,,,,,,,,
u06815,,,,,,,,,,,,,,,,,,,,,,,,,,,https://cdn.shopify.com/s/files/1/0607/7975/7753/files/BaseTransform1_b82148d0-08c0-4c23-9234-fca85f5931b3.jpg?v=1726074392,4,U06815:BLACK:,,,,,,,,,,,,,,,,,,,,,,,,,,,,,,,,,,,,,,,,,,,,
u06815,,,,,,,,,,,,,,,,,,,,,,,,,,,https://cdn.shopify.com/s/files/1/0607/7975/7753/files/BaseTransform1_6478a9ec-ca06-4996-b0f5-f8b030268f10.jpg?v=1726074392,5,U06815:BLACK:,,,,,,,,,,,,,,,,,,,,,,,,,,,,,,,,,,,,,,,,,,,,
u06815,,,,,,,,,,,,,,,,,,,,,,,,,,,https://cdn.shopify.com/s/files/1/0607/7975/7753/files/BaseTransform1_24220ee7-ec9c-4234-a483-fe9e1542dcd6.jpg?v=1726074392,6,U06815:BLACK:,,,,,,,,,,,,,,,,,,,,,,,,,,,,,,,,,,,,,,,,,,,,
u06965,Neoprene Transit Bag,"<ul>
<li>Incredibly lightweight belt bag crafted in recycled neoprene.</li>
<li>Front zip pocket.</li>
<li>Two neoprene compartments.</li>
<li>Removable and adjustable nylon strap.</li>
<li>Sustainable style: crafted using more than 25% recycled content by weight. </li>
<li>8.3""L x 2.9""W x 4.9""H.</li>
<li>Adjustable 22.5"" strap.</li>
</ul>",Cole Haan El Salvador,,Crossbodys,"ACCESSORIES, MIRCO CHIP-STORMY WEATHER-HEATHER, NO APLICA, WACC",false,Color,Heather-Storm Gray,,Size,UNIT,,,,,'196414491623,0.0,shopify,deny,manual,0.00,,true,true,,https://cdn.shopify.com/s/files/1/0607/7975/7753/files/BaseTransform1_f81aa712-e56d-4d7f-9308-985eb462465e.jpg?v=1726074443,1,U06965:HEATHER/ MICRO CHIP/ STORMY WEATHER:0000,false,,,,,,,,,,,,,,w06723,,,,,,,,WACC,MIRCO CHIP-STORMY WEATHER-HEATHER,MIRCO CHIP-STORMY WEATHER-HEATHER,,ACCESSORIES,NO APLICA,,,,,,,,,,kg,,,true,,,draft
u06965,,,,,,,,,,,,,,,,,,,,,,,,,,,https://cdn.shopify.com/s/files/1/0607/7975/7753/files/BaseTransform1_e93155b9-15cb-4f76-8e0a-2124a955325a.jpg?v=1726074443,2,U06965:HEATHER/ MICRO CHIP/ STORMY WEATHER:0000,,,,,,,,,,,,,,,,,,,,,,,,,,,,,,,,,,,,,,,,,,,,
u06965,,,,,,,,,,,,,,,,,,,,,,,,,,,https://cdn.shopify.com/s/files/1/0607/7975/7753/files/BaseTransform1_ee122660-429c-47e4-a0b9-ff1ada909994.jpg?v=1726074443,3,U06965:HEATHER/ MICRO CHIP/ STORMY WEATHER:0000,,,,,,,,,,,,,,,,,,,,,,,,,,,,,,,,,,,,,,,,,,,,
u06965,,,,,,,,,,,,,,,,,,,,,,,,,,,https://cdn.shopify.com/s/files/1/0607/7975/7753/files/BaseTransform1_6a51dcbc-bc2c-4422-9be6-90ea16277868.jpg?v=1726074443,4,U06965:HEATHER/ MICRO CHIP/ STORMY WEATHER:0000,,,,,,,,,,,,,,,,,,,,,,,,,,,,,,,,,,,,,,,,,,,,
u06965,,,,,,,,,,,,,,,,,,,,,,,,,,,https://cdn.shopify.com/s/files/1/0607/7975/7753/files/BaseTransform1_dda04ac4-a13d-43d5-8ad2-130d0b899043.jpg?v=1726074443,5,U06965:HEATHER/ MICRO CHIP/ STORMY WEATHER:0000,,,,,,,,,,,,,,,,,,,,,,,,,,,,,,,,,,,,,,,,,,,,
u07040,Town Card Case Gift Set,"<ul>
<li>Town Card Case compact card holder crafted in leather.</li>
<li>Multiple card slots and back pocket.</li>
<li>Signature single CH logo.</li>
<li>3.3""L x 3""W x 0.75""H</li>
<li>CH Logo Key Fob: Sleek metal key ring clip.</li>
<li>4.5"" x 1.5""</li>
</ul>",Cole Haan El Salvador,Sin categoría,Wallets,"ACCESSORIES, New, NO APLICA, SOFT GOLD, WACC",false,Color,Gold,,Size,UNIT,,,,,'196414499988,0.0,shopify,deny,manual,150.00,,true,true,,,,,false,,,,,,,,,,,,,,w21641,,,,,,,,WACC,SOFT GOLD,,,ACCESSORIES,NO APLICA,,,,,,,,,,kg,,,true,150.00,,draft
u07042,Town Card Case Gift Set,"<ul>
<li>Town Card Case compact card holder crafted in leather.</li>
<li>Multiple card slots and back pocket.</li>
<li>Signature single CH logo.</li>
<li>3.3""L x 3""W x 0.75""H</li>
<li>CH Logo Key Fob:</li>
<li>Sleek metal key ring clip.</li>
<li>4.5"" x 1.5""</li>
</ul>",Cole Haan El Salvador,,Wallets,"ACCESSORIES, BLACK, NO APLICA, WACC",false,Color,Black,,Size,UNIT,,,,,'196414499995,0.0,shopify,deny,manual,0.00,,true,true,,https://cdn.shopify.com/s/files/1/0607/7975/7753/files/BaseTransform1_57cbddfa-0193-4e79-88e8-0ec7c2c14029.jpg?v=1726074462,1,U07042:BLACK:0000,false,,,,,,,,,,,,,,w23065,,,,,,,,WACC,BLACK,BLACK,,ACCESSORIES,NO APLICA,,,,,,,,,,kg,,,true,,,draft
u07042,,,,,,,,,,,,,,,,,,,,,,,,,,,https://cdn.shopify.com/s/files/1/0607/7975/7753/files/BaseTransform1_6e7caacd-82e1-4426-bfb1-f17e7136cd4b.jpg?v=1726074462,2,U07042:BLACK:0000,,,,,,,,,,,,,,,,,,,,,,,,,,,,,,,,,,,,,,,,,,,,
u07042,,,,,,,,,,,,,,,,,,,,,,,,,,,https://cdn.shopify.com/s/files/1/0607/7975/7753/files/BaseTransform1_78e0d050-1be7-4dad-aac3-4f297eb2adb0.jpg?v=1726074462,3,U07042:BLACK:0000,,,,,,,,,,,,,,,,,,,,,,,,,,,,,,,,,,,,,,,,,,,,
u07042,,,,,,,,,,,,,,,,,,,,,,,,,,,https://cdn.shopify.com/s/files/1/0607/7975/7753/files/BaseTransform1_76589fc5-4761-435f-be95-99c85216197c.jpg?v=1726074462,4,U07042:BLACK:0000,,,,,,,,,,,,,,,,,,,,,,,,,,,,,,,,,,,,,,,,,,,,
u07042,,,,,,,,,,,,,,,,,,,,,,,,,,,https://cdn.shopify.com/s/files/1/0607/7975/7753/files/BaseTransform1_d67b90a5-a732-4753-950f-9cfd94f44784.jpg?v=1726074462,5,U07042:BLACK:0000,,,,,,,,,,,,,,,,,,,,,,,,,,,,,,,,,,,,,,,,,,,,
u07043,Town Card Case Gift Set,"<ul>
<li>Town Card Case compact card holder crafted in leather.</li>
<li>Multiple card slots and back pocket.</li>
<li>Signature single CH logo.</li>
<li>3.3""L x 3""W x 0.75""H</li>
<li>CH Logo Key Fob:</li>
<li>Sleek metal key ring clip.</li>
<li>4.5"" x 1.5""</li>
</ul>",Cole Haan El Salvador,,Wallets,"ACCESSORIES, NAVY BLAZER, NO APLICA, WACC",false,Color,Navy Blazer Blue,,Size,UNIT,,,,,'196414499940,0.0,shopify,deny,manual,0.00,,true,true,,https://cdn.shopify.com/s/files/1/0607/7975/7753/files/BaseTransform1_b07503a8-144f-4441-a018-37f17903b6bd.jpg?v=1726074471,1,U07043:NAVY BLAZER:0000,false,,,,,,,,,,,,,,w24361,,,,,,,,WACC,NAVY BLAZER,NAVY BLAZER,,ACCESSORIES,NO APLICA,,,,,,,,,,kg,,,true,,,draft
u07043,,,,,,,,,,,,,,,,,,,,,,,,,,,https://cdn.shopify.com/s/files/1/0607/7975/7753/files/BaseTransform1_a75fe278-85dc-4800-9f01-10728f6b7074.jpg?v=1726074471,2,U07043:NAVY BLAZER:0000,,,,,,,,,,,,,,,,,,,,,,,,,,,,,,,,,,,,,,,,,,,,
u07043,,,,,,,,,,,,,,,,,,,,,,,,,,,https://cdn.shopify.com/s/files/1/0607/7975/7753/files/BaseTransform1_3b87f0f3-1e5a-4c49-9cab-1e86fef31eb9.jpg?v=1726074471,3,U07043:NAVY BLAZER:0000,,,,,,,,,,,,,,,,,,,,,,,,,,,,,,,,,,,,,,,,,,,,
u07043,,,,,,,,,,,,,,,,,,,,,,,,,,,https://cdn.shopify.com/s/files/1/0607/7975/7753/files/BaseTransform1_4436fde0-e944-4864-af38-5f7c6a889245.jpg?v=1726074471,4,U07043:NAVY BLAZER:0000,,,,,,,,,,,,,,,,,,,,,,,,,,,,,,,,,,,,,,,,,,,,
u07043,,,,,,,,,,,,,,,,,,,,,,,,,,,https://cdn.shopify.com/s/files/1/0607/7975/7753/files/BaseTransform1_3f56586c-5522-4fab-9003-f0153f7197a0.jpg?v=1726074471,5,U07043:NAVY BLAZER:0000,,,,,,,,,,,,,,,,,,,,,,,,,,,,,,,,,,,,,,,,,,,,
